--
-- PostgreSQL database dump
--

SET client_encoding = 'UTF8';
SET check_function_bodies = false;
SET client_min_messages = warning;

SET search_path = public, pg_catalog;

--
-- Name: libs_id_seq; Type: SEQUENCE SET; Schema: public; Owner: sciweb
--

SELECT pg_catalog.setval(pg_catalog.pg_get_serial_sequence('libs', 'id'), 10, true);


--
-- Name: nodes_id_seq; Type: SEQUENCE SET; Schema: public; Owner: sciweb
--

SELECT pg_catalog.setval(pg_catalog.pg_get_serial_sequence('nodes', 'id'), 1, false);


--
-- Name: programs_id_seq; Type: SEQUENCE SET; Schema: public; Owner: sciweb
--

SELECT pg_catalog.setval(pg_catalog.pg_get_serial_sequence('programs', 'id'), 16, true);


--
-- Name: users_id_seq; Type: SEQUENCE SET; Schema: public; Owner: sciweb
--

SELECT pg_catalog.setval(pg_catalog.pg_get_serial_sequence('users', 'id'), 1, true);


--
-- Data for Name: libs; Type: TABLE DATA; Schema: public; Owner: sciweb
--

COPY libs (id, user_id, nome, descricao, codigo, publico, created_at, updated_at) FROM stdin;
1	1	integrando_em_x	integrando_em_x	function [result] = Integrando_em_x(a, b, I, comp_vet, P1x, P1y, P1z, P0y, P0z)\r\n\r\n//"a" é o intervalo mínimo para a integração\r\n\r\n//"b" é o intervalo máximo para a integração\r\n\r\n//"I" é o valor da corrente\r\n\r\n//"comp_vet" é a intensidade do vetor numa determianda direção\r\n\r\n//"P1x" é o ponto do eixo x onde se esta calculando o campo neste momento\r\n\r\n//"P1y" é o ponto do eixo y onde se esta calculando o campo neste momento\r\n\r\n//"P1z" é o ponto do eixo z onde se esta calculando o campo neste momento\r\n\r\n//"P0z" é o ponto do eixo z onde se encontra a linha de corrente\r\n\r\n//"P0y" é o ponto do eixo y onde se encontra a linha de corrente\r\n\r\n\r\n\r\n//Definindo a função\r\n\r\nfunction m = f(x), m = I*comp_vet/((4*%pi) * (( (P1z - P0z)^2 + (P1y - P0y)^2 + (P1x - x)^2)^1.5 + 0.01) ), endfunction;\r\n\r\n\r\n\r\n//Passo para cálculo da integral\r\n\r\nh = 0.1;\r\n\r\n\r\n\r\n//Definindo o número de iterações do laço\r\n\r\nn = (b - a)/h;\r\n\r\n\r\n\r\n//Variável de resultado da integral\r\n\r\nresultado = 0;\r\n\r\n\r\n\r\n//Iniciaizando os valores para inicio do cálculo da integral\r\n\r\na_linha = a;\r\n\r\nb_linha = a + h;\r\n\r\n\r\n\r\n//Calculando a integral através do método de simpsom\r\n\r\nfor i=1:n\r\n\r\n   resultado = resultado + ((b_linha - a_linha)/6) * (f(a_linha) + 4*f((((a_linha + b_linha)/2))) + f(b_linha));\r\n\r\n   a_linha = a_linha + h;\r\n\r\n   b_linha = b_linha + h;\r\n\r\n   end\r\n\r\n\r\n\r\n//Jogando para a saída\r\n\r\nresult = resultado;\r\n\r\n\r\n\r\nendfunction\r\n\r\n\r\n\r\n	t	2007-11-21 05:59:19.793555	2007-11-21 06:05:38.421669
2	1	integrando_em_y	integrando_em_y	function [result] = Integrando_em_y(a, b, I, comp_vet, P1x, P1y, P1z, P0x, P0z)\r\n\r\n//"a" é o intervalo mínimo para a integração\r\n\r\n//"b" é o intervalo máximo para a integração\r\n\r\n//"I" é o valor da corrente\r\n\r\n//"comp_vet" é a intensidade do vetor numa determianda direção\r\n\r\n//"P1x" é o ponto do eixo x onde se esta calculando o campo neste momento\r\n\r\n//"P1y" é o ponto do eixo y onde se esta calculando o campo neste momento\r\n\r\n//"P1z" é o ponto do eixo z onde se esta calculando o campo neste momento\r\n\r\n//"P0x" é o ponto do eixo x onde se encontra a linha de corrente\r\n\r\n//"P0z" é o ponto do eixo z onde se encontra a linha de corrente\r\n\r\n\r\n\r\n//Definindo a função\r\n\r\nfunction m = f(y), m = I*comp_vet/((4*%pi) * (( (P1z - P0z)^2 + (P1x - P0x)^2 + (P1y - y)^2)^1.5 + 0.01) ), endfunction;\r\n\r\n\r\n\r\n//Passo para cálculo da integral\r\n\r\nh = 0.1;\r\n\r\n\r\n\r\n//Definindo o número de iterações do laço\r\n\r\nn = (b - a)/h;\r\n\r\n\r\n\r\n//Variável de resultado da integral\r\n\r\nresultado = 0;\r\n\r\n\r\n\r\n//Iniciaizando os valores para inicio do cálculo da integral\r\n\r\na_linha = a;\r\n\r\nb_linha = a + h;\r\n\r\n\r\n\r\n//Calculando a integral através do método de simpsom\r\n\r\nfor i=1:n\r\n\r\n   resultado = resultado + ((b_linha - a_linha)/6) * (f(a_linha) + 4*f((((a_linha + b_linha)/2))) + f(b_linha));\r\n\r\n   a_linha = a_linha + h;\r\n\r\n   b_linha = b_linha + h;\r\n\r\n   end\r\n\r\n\r\n\r\n//Jogando para a saída\r\n\r\nresult = resultado;\r\n\r\n\r\n\r\nendfunction\r\n\r\n\r\n\r\n	t	2007-11-21 05:59:28.650523	2007-11-21 06:06:11.646205
3	1	integrando_em_z	integrando_em_z	function [result] = Integrando_em_z(a, b, I, comp_vet, P1x, P1y, P1z, P0x, P0y)\r\n\r\n//"a" é o intervalo mínimo para a integração\r\n\r\n//"b" é o intervalo máximo para a integração\r\n\r\n//"I" é o valor da corrente\r\n\r\n//"comp_vet" é a intensidade do vetor numa determianda direção\r\n\r\n//"P1x" é o ponto do eixo x onde se esta calculando o campo neste momento\r\n\r\n//"P1y" é o ponto do eixo y onde se esta calculando o campo neste momento\r\n\r\n//"P1z" é o ponto do eixo z onde se esta calculando o campo neste momento\r\n\r\n//"P0x" é o ponto do eixo x onde se encontra a linha de corrente\r\n\r\n//"P0y" é o ponto do eixo y onde se encontra a linha de corrente\r\n\r\n\r\n\r\n//Definindo a função\r\n\r\nfunction m = f(z), m = I*comp_vet/((4*%pi) * (( (P1y - P0y)^2 + (P1x - P0x)^2 + (P1z - z)^2)^1.5 + 0.01) ), endfunction;\r\n\r\n\r\n\r\n//Passo para cálculo da integral\r\n\r\nh = 0.1;\r\n\r\n\r\n\r\n//Definindo o número de iterações do laço\r\n\r\nn = (b - a)/h;\r\n\r\n\r\n\r\n//Variável de resultado da integral\r\n\r\nresultado = 0;\r\n\r\n\r\n\r\n//Iniciaizando os valores para inicio do cálculo da integral\r\n\r\na_linha = a;\r\n\r\nb_linha = a + h;\r\n\r\n\r\n\r\n//Calculando a integral através do método de simpsom\r\n\r\nfor i=1:n\r\n\r\n   resultado = resultado + ((b_linha - a_linha)/6) * (f(a_linha) + 4*f((((a_linha + b_linha)/2))) + f(b_linha));\r\n\r\n   a_linha = a_linha + h;\r\n\r\n   b_linha = b_linha + h;\r\n\r\n   end\r\n\r\n\r\n\r\n//Jogando para a saída\r\n\r\nresult = resultado;\r\n\r\n\r\n\r\nendfunction\r\n\r\n\r\n\r\n	t	2007-11-21 05:59:37.644898	2007-11-21 09:06:39.022119
4	1	produto_vetorial	produto_vetorial	//Programa que calcula o produto vetorial entre dois vetores\r\n\r\nfunction [a, b, c] = prod_vet3(ax, ay, az, bx, by, bz)\r\n\r\n\r\n\r\na = (ay*bz) - (az*by);\r\n\r\nb = (az*bx) - (ax*bz);\r\n\r\nc = (ax*by) - (ay*bx);\r\n\r\n\r\n\r\nendfunction\r\n\r\n	t	2007-11-21 09:07:31.585632	2007-11-21 09:07:31.585632
5	1	forca_em_uma_linha	forca_em_uma_linha	//Programa que calcula a força produzida por um filamento de corrente infinito em um outro fliamento de corrente\r\n\r\nfunction [fx, fy, fz] = forca_magnetica(Ia, Pax, Pay, Paz, d_min_a, d_max_a, ax, ay, az, Ib, Pbx, Pby, Pbz, bx, by, bz) \r\n\r\n\r\n\r\n//Numero de filamentos que produzirão a força magnético em um outro filamento\r\n\r\nn = 1;\r\n\r\n\r\n\r\n//"Tamanho" da linha - de d1 à d2\r\n\r\nd1 = -100;\r\n\r\nd2 = 100;\r\n\r\n\r\n\r\n//Mi\r\n\r\nMi = 4 * %pi * 10;  //Convertendo para nano\r\n\r\n\r\n\r\n//Definindo as matrizes para caracterizar as correntes que produzirão a força\r\n\r\nI1 = zeros(n);  //Vetor com o valor da intensidade das correntes\r\n\r\nP0x = zeros(n);  //Vetor com a coordenada x de um ponto no qual a corrente passa\r\n\r\nP0y = zeros(n);  //Vetor com a coordenada y de um ponto no qual a corrente passa\r\n\r\nP0z = zeros(n);  //Vetor com a coordenada yz de um ponto no qual a corrente passa\r\n\r\ndirecao1 = zeros(n, 3);  //Vetor com a direção das correntes\r\n\r\n                         //direcao1(n, 1) - direção ax\r\n\r\n                         //direcao1(n, 2) - direção ay\r\n\r\n                         //direcao1(n, 3) - direção az\r\n\r\n\r\n\r\n//Definindo os filamentos de corrente\r\n\r\nI1(1) = Ib;\r\n\r\nP0x(1) = Pbx;\r\n\r\nP0y(1) = Pby;\r\n\r\nP0z(1) = Pbz;\r\n\r\ndirecao1(1, 1) = bx;\r\n\r\ndirecao1(1, 2) = by;\r\n\r\ndirecao1(1, 3) = bz;\r\n\r\n\r\n\r\n//Filamento no qual será calculado a força magnética\r\n\r\nI2 = Ia ;//* (10)^(-3);\r\n\r\nP1x = Pax;  //Ponto na coordenada x que o fio passa\r\n\r\nP1y = Pay;  //Ponto na coordenada y que o fio passa\r\n\r\nP1z = Paz;  //Ponto na coordenada z que o fio passa\r\n\r\nd_min = d_min_a;  //Valor mínimo do intervalo do fio\r\n\r\nd_max = d_max_a;  //Valor máximo do intervalo do fio\r\n\r\ndirecao2 = zeros(3);  //Vetor direção da corrente\r\n\r\ndirecao2(1) = ax;  //Direção ax\r\n\r\ndirecao2(2) = ay;  //Direção ay\r\n\r\ndirecao2(3) = az;  //Direção az\r\n\r\n\r\n\r\n//Definindo o passo de integração da força\r\n\r\nh = 0.1;\r\n\r\n\r\n\r\n//Calculando o número de segmentos em que foi divido a corrente onde será calculada a força\r\n\r\nqtd = (d_max - d_min)/h;\r\n\r\n\r\n\r\n//Criaremos uma variável que será a posição sobre a corrente (na qual se está calculando a força) após cada iteração\r\n\r\ndelta = d_min;\r\n\r\n\r\n\r\n//Vetores de resultado para o campo magnetico em cada direção para cada filamento\r\n\r\nhx = zeros(n);\r\n\r\nhy = zeros(n);\r\n\r\nhz = zeros(n);\r\n\r\n\r\n\r\n//Força nos eixos\r\n\r\nforcax = 0;\r\n\r\nforcay = 0;\r\n\r\nforcaz = 0;\r\n\r\n\r\n\r\n//Calculando a força em pontos da corrente finita\r\n\r\nfor w = 1:qtd\r\n\r\n   //Calculando o campo magnético gerado pelas n linhas de correntes\r\n\r\n   for i = 1:n\r\n\r\n  \r\n\r\n  //Caso o filamento de corrente onde vai ser calculado a força tem direção ax\r\n\r\n  if( direcao2(1) == 1 | direcao2(1) == -1)\r\n\r\n  \r\n\r\n     //Caso a distancia seja 0, não calcular\r\n\r\n      if( (delta - P0x(i))==0 & (P1y - P0y(i))==0 & (P1z - P0z(i))==0 )\r\n\r\n         continue;\r\n\r\n      end;\r\n\r\n      \r\n\r\n     //Realizando o produto vetorial entre a direção da corrente que gera o campo e o vetor posição, para cálculo do campo magnético\r\n\r\n     [a b c] = prod_vet3( direcao1(i, 1), direcao1(i, 2), direcao1(i, 3), delta - P0x(i), P1y - P0y(i), P1z - P0z(i) );\r\n\r\n  \r\n\r\n     //Caso a integração da corrente que gera o campo seja em dx\r\n\r\n     if( direcao1(i, 1) == 1 | direcao1(i, 1) == -1)\r\n\r\n  \r\n\r\n        hx(i) = Integrando_em_x( d1, d2, I1(i), a, delta, P1y, P1z, P0y(i), P0z(i) );\r\n\r\n        hy(i) = Integrando_em_x( d1, d2, I1(i), b, delta, P1y, P1z, P0y(i), P0z(i) );\r\n\r\n        hz(i) = Integrando_em_x( d1, d2, I1(i), c, delta, P1y, P1z, P0y(i), P0z(i) );\r\n\r\n\r\n\r\n         end\r\n\r\n      \r\n\r\n      //Caso a integração da corrente que gera o campo seja em dy\r\n\r\n      if( direcao1(i, 2) == 1 | direcao1(i, 2) == -1)\r\n\r\n  \r\n\r\n        hx(i) = Integrando_em_y( d1, d2, I1(i), a, delta, P1y, P1z, P0x(i), P0z(i) );\r\n\r\n        hy(i) = Integrando_em_y( d1, d2, I1(i), b, delta, P1y, P1z, P0x(i), P0z(i) );\r\n\r\n        hz(i) = Integrando_em_y( d1, d2, I1(i), c, delta, P1y, P1z, P0x(i), P0z(i) );\r\n\r\n\r\n\r\n         end\r\n\r\n      \r\n\r\n      //Caso a integração da corrente que gera o campo seja em dz\r\n\r\n      if( direcao1(i, 3) == 1 | direcao1(i, 3) == -1)\r\n\r\n  \r\n\r\n        hx(i) = Integrando_em_z( d1, d2, I1(i), a, delta, P1y, P1z, P0x(i), P0y(i) );\r\n\r\n        hy(i) = Integrando_em_z( d1, d2, I1(i), b, delta, P1y, P1z, P0x(i), P0y(i) );\r\n\r\n        hz(i) = Integrando_em_z( d1, d2, I1(i), c, delta, P1y, P1z, P0x(i), P0y(i) );\r\n\r\n\r\n\r\n         end\r\n\r\n  \r\n\r\n      end\r\n\r\n   \r\n\r\n   //Caso o filamento de corrente onde vai ser calculado a força tem direção ay\r\n\r\n   if( direcao2(2) == 1 | direcao2(2) == -1)\r\n\r\n  \r\n\r\n      //Caso a distancia seja 0, não calcular\r\n\r\n      if( (P1x - P0x(i))==0 & (delta - P0y(i))==0 & (P1z - P0z(i))==0 )\r\n\r\n         continue;\r\n\r\n      end;\r\n\r\n  \r\n\r\n      //Realizando o produto vetorial entre a direção da corrente que gera o campo e o vetor posição, para cálculo do campo magnético\r\n\r\n      [a b c] = prod_vet3( direcao1(i, 1), direcao1(i, 2), direcao1(i, 3), P1x - P0x(i), delta - P0y(i), P1z - P0z(i));\r\n\r\n      \r\n\r\n      //Caso a integração da corrente que gera o campo seja em dx\r\n\r\n      if( direcao1(i, 1) == 1 | direcao1(i, 1) == -1)\r\n\r\n  \r\n\r\n         hx(i) = Integrando_em_x( d1, d2, I1(i), a, P1x, delta, P1z, P0y(i), P0z(i) );\r\n\r\n         hy(i) = Integrando_em_x( d1, d2, I1(i), b, P1x, delta, P1z, P0y(i), P0z(i) );\r\n\r\n         hz(i) = Integrando_em_x( d1, d2, I1(i), c, P1x, delta, P1z, P0y(i), P0z(i) );\r\n\r\n\r\n\r\n          end\r\n\r\n       //Caso a integração da corrente que gera o campo seja em dy\r\n\r\n       if( direcao1(i, 2) == 1 | direcao1(i, 2) == -1)\r\n\r\n  \r\n\r\n         hx(i) = Integrando_em_y( d1, d2, I1(i), a, P1x, delta, P1z, P0x(i), P0z(i) );\r\n\r\n         hy(i) = Integrando_em_y( d1, d2, I1(i), b, P1x, delta, P1z, P0x(i), P0z(i) );\r\n\r\n         hz(i) = Integrando_em_y( d1, d2, I1(i), c, P1x, delta, P1z, P0x(i), P0z(i) );\r\n\r\n\r\n\r\n          end\r\n\r\n       //Caso a integração da corrente que gera o campo seja em dy\r\n\r\n       if( direcao1(i, 3) == 1 | direcao1(i, 3) == -1)\r\n\r\n  \r\n\r\n         hx(i) = Integrando_em_z( d1, d2, I1(i), a, P1x, delta, P1z, P0x(i), P0y(i) );\r\n\r\n         hy(i) = Integrando_em_z( d1, d2, I1(i), b, P1x, delta, P1z, P0x(i), P0y(i) );\r\n\r\n         hz(i) = Integrando_em_z( d1, d2, I1(i), c, P1x, delta, P1z, P0x(i), P0y(i) );\r\n\r\n\r\n\r\n          end\r\n\r\n  \r\n\r\n       end\r\n\r\n\r\n\r\n  //Caso o filamento de corrente onde vai ser calculado a força tem direção az\r\n\r\n  if( direcao2(3) == 1 | direcao2(3) == -1)\r\n\r\n  \r\n\r\n      //Caso a distancia seja 0, não calcular\r\n\r\n      if( (P1x - P0x(i))==0 & (P1y - P0y(i))==0 & (delta- P0z(i))==0 )\r\n\r\n         continue;\r\n\r\n      end;\r\n\r\n  \r\n\r\n      //Realizando o produto vetorial entre a direção da corrente que gera o campo e o vetor posição, para cálculo do campo magnético\r\n\r\n      [a b c] = prod_vet3( direcao1(i, 1), direcao1(i, 2), direcao1(i, 3), P1x - P0x(i), P1y - P0y(i), delta - P0z(i));\r\n\r\n      \r\n\r\n      //Caso a integração da corrente que gera o campo seja em dx\r\n\r\n      if( direcao1(i, 1) == 1 | direcao1(i, 1) == -1)\r\n\r\n  \r\n\r\n         hx(i) = Integrando_em_x( d1, d2, I1(i), a, P1x, P1y, delta, P0y(i), P0z(i) );\r\n\r\n         hy(i) = Integrando_em_x( d1, d2, I1(i), b, P1x, P1y, delta, P0y(i), P0z(i) );\r\n\r\n         hz(i) = Integrando_em_x( d1, d2, I1(i), c, P1x, P1y, delta, P0y(i), P0z(i) );\r\n\r\n\r\n\r\n         end   \r\n\r\n       \r\n\r\n       //Caso a integração da corrente que gera o campo seja em dy\r\n\r\n       if( direcao1(i, 2) == 1 | direcao1(i, 2) == -1)\r\n\r\n  \r\n\r\n         hx(i) = Integrando_em_y( d1, d2, I1(i), a, P1x, P1y, delta, P0x(i), P0z(i) );\r\n\r\n         hy(i) = Integrando_em_y( d1, d2, I1(i), b, P1x, P1y, delta, P0x(i), P0z(i) );\r\n\r\n         hz(i) = Integrando_em_y( d1, d2, I1(i), c, P1x, P1y, delta, P0x(i), P0z(i) );\r\n\r\n\r\n\r\n         end\r\n\r\n       \r\n\r\n       //Caso a integração da corrente que gera o campo seja em dz\r\n\r\n       if( direcao1(i, 3) == 1 | direcao1(i, 3) == -1)\r\n\r\n  \r\n\r\n         hx(i) = Integrando_em_z( d1, d2, I1(i), a, P1x, P1y, delta, P0x(i), P0y(i) );\r\n\r\n         hy(i) = Integrando_em_z( d1, d2, I1(i), b, P1x, P1y, delta, P0x(i), P0y(i) );\r\n\r\n         hz(i) = Integrando_em_z( d1, d2, I1(i), c, P1x, P1y, delta, P0x(i), P0y(i) );\r\n\r\n\r\n\r\n         end\r\n\r\n  \r\n\r\n      end\r\n\r\n   \r\n\r\n   end\r\n\r\n\r\n\r\n   //Resultado do campo total naquele ponto\r\n\r\n   Campo_em_x = 0;\r\n\r\n   Campo_em_y = 0;\r\n\r\n   Campo_em_z = 0;\r\n\r\n   \r\n\r\n   //Calculando o campo total produzido naquele ponto por todos os filamentos de corrente\r\n\r\n   for i= 1:n\r\n\r\n\r\n\r\n      Campo_em_x = Campo_em_x + hx(i);\r\n\r\n      Campo_em_y = Campo_em_y + hy(i);\r\n\r\n      Campo_em_z = Campo_em_z + hz(i);\r\n\r\n   \r\n\r\n      end\r\n\r\n\r\n\r\n   //Definindo a densidade de fluxo magnético\r\n\r\n   bx = Campo_em_x * Mi;\r\n\r\n   by = Campo_em_y * Mi;\r\n\r\n   bz = Campo_em_z * Mi;\r\n\r\n\r\n\r\n   //Calculando a força\r\n\r\n   [BdL1 BdL2 BdL3] = prod_vet3(direcao2(1), direcao2(2), direcao2(3), bx, by, bz);\r\n\r\n   forcax = forcax + I2 * BdL1;\r\n\r\n   forcay = forcay + I2 * BdL2;\r\n\r\n   forcaz = forcaz + I2 * BdL3;\r\n\r\n\r\n\r\n   //Incrementando o ponto do filamento de corrente no qual está sendo calculado a força\r\n\r\n   delta = d_min + h*w;\r\n\r\n\r\n\r\nend\r\n\r\n\r\n\r\n//Parametrizando o resultado\r\n\r\nforcax = forcax/(0.1/h);\r\n\r\nforcay = forcay/(0.1/h);\r\n\r\nforcaz = forcaz/(0.1/h);\r\n\r\n\r\n\r\n//[forcax forcay forcaz]\r\n\r\nfx = forcax;\r\n\r\nfy = forcay;\r\n\r\nfz = forcaz;\r\n\r\n\r\nendfunction	t	2007-11-21 09:10:15.341428	2007-11-21 09:10:15.341428
6	1	indutancia1	Biblioteca da indutancia1	function [indutancia] = indutancia1(N, mi, fi, I, a, b)\r\n\r\n\r\n\r\n// Permeabilidade do ar\r\n\r\nmi0 = 4*%pi*10^(-7);\r\n\r\n\r\n\r\n// Convertendo para micro\r\n\r\nmi0 = mi0 *10^6;\r\n\r\n\r\n\r\n// Campo elétrico\r\n\r\nfunction y=f(p),y=I/(2*%pi*p),endfunction;\r\n\r\n\r\n\r\n// mi*H^2*ro -> função que será usada na integração para o cálculo da energia\r\n\r\nfunction y=q(ro),y=ro*(f(ro))^2,endfunction;\r\n\r\n\r\n\r\n// Integral pelo método de simpson para achar a energia no cilindro\r\n\r\n// "h" é o passo da integral\r\n\r\n\r\n\r\nh = 0.1;\r\n\r\n\r\n\r\nro1=a;\r\n\r\nro2=b;\r\n\r\n\r\n\r\nk = (ro2 - ro1)/h;\r\n\r\n\r\n\r\nfi1=0;\r\n\r\nfi2=fi(1);\r\n\r\n\r\n\r\nfor i=1:N\r\n\r\n  ro1_linha = ro1;\r\n\r\n  ro2_linha = ro1+h;\r\n\r\n  resultado(i) = 0;\r\n\r\n  for j=1:k\r\n\r\n    resultado(i) = resultado(i) + ((ro2_linha - ro1_linha)/6) * (q(ro1_linha) + 4*q((((ro1_linha + ro2_linha)/2))) + q(ro2_linha));\r\n\r\n    ro1_linha = ro2_linha;\r\n\r\n    ro2_linha = ro2_linha + h;\r\n\r\n  end\r\n\r\n  // (fi2-fi1) -> Integração em fi\r\n\r\n  // Integração em z é 1, considerando a indutância por unidade de comprimento\r\n\r\n  resultado(i) = resultado(i) * (fi2-fi1) * mi(i) * mi0 / 2;\r\n\r\n  if i<N then\r\n\r\n    fi1=fi(i);\r\n\r\n    fi2=fi(i+1);\r\n\r\n  end\r\n\r\nend\r\n\r\nenergia = sum(resultado);\r\n\r\n\r\n\r\nindutancia = 2*energia/I^2\r\n\r\n\r\nendfunction	t	2007-11-21 10:34:17.393288	2007-11-21 10:34:17.393288
7	1	indutancia2	Biblioteca para calcular indutancia2	function [indutancia] = indutancia2(N, mi, ro, I, a, b)\r\n\r\n\r\n\r\n// Permeabilidade do ar\r\n\r\nmi0 = 4*%pi*10^(-7);\r\n\r\n\r\n\r\n// Convertendo para micro\r\n\r\nmi0 = mi0 *10^6;\r\n\r\n\r\n\r\n// Campo elétrico\r\n\r\nfunction y=f(p),y=I/(2*%pi*p),endfunction;\r\n\r\n\r\n\r\n// mi*H^2*ro -> função que será usada na integração para o cálculo da energia\r\n\r\nfunction y=q(ro),y=ro*(f(ro))^2,endfunction;\r\n\r\n\r\n\r\n// Integral pelo método de simpson para achar a energia no cilindro\r\n\r\n// "h" é o passo da integral\r\n\r\nh = 0.1;\r\n\r\n\r\n\r\nro1=a;\r\n\r\nro2=ro(1);\r\n\r\n\r\n\r\nfi1=0;\r\n\r\nfi2=2*%pi;\r\n\r\n\r\n\r\nfor i=1:N\r\n\r\n  ro1_linha = ro1;\r\n\r\n  ro2_linha = ro1+h;\r\n\r\n  k = (ro2 - ro1)/h;\r\n\r\n  resultado(i) = 0;\r\n\r\n  for j=1:k\r\n\r\n    resultado(i) = resultado(i) + ((ro2_linha - ro1_linha)/6) * (q(ro1_linha) + 4*q((((ro1_linha + ro2_linha)/2))) + q(ro2_linha));\r\n\r\n    ro1_linha = ro2_linha;\r\n\r\n    ro2_linha = ro2_linha + h;\r\n\r\n  end\r\n\r\n  // (fi2-fi1) -> Integração em fi\r\n\r\n  // Integração em z é 1, considerando a indutância por unidade de comprimento\r\n\r\n  resultado(i) = resultado(i) * (fi2-fi1) * mi(i) * mi0 / 2;\r\n\r\n  if i<N then\r\n\r\n    ro1=ro(i);\r\n\r\n    ro2=ro(i+1);\r\n\r\n  end\r\n\r\nend\r\n\r\nenergia = sum(resultado);\r\n\r\n\r\n\r\nindutancia = 2*energia/I^2\r\n\r\n\r\nendfunction	t	2007-11-21 10:35:00.071927	2007-11-21 10:35:00.071927
8	1	integral_simpson_em_x	integral_simpson_em_x	function [result] = Integral_em_x(a, b, I, comp_vet, P1x, P1y, P0x, P0y)\r\n\r\n//"a" é o intervalo mínimo para a integração\r\n\r\n//"b" é o intervalo máximo para a integração\r\n\r\n//"I" é o valor da corrente\r\n\r\n//"comp_vet" é a intensidade do vetor numa determianda direção\r\n\r\n//"P1x" é o ponto do eixo x onde se esta calculando o campo neste momento\r\n\r\n//"P1y" é o ponto do eixo y onde se esta calculando o campo neste momento\r\n\r\n//"P0x" é o ponto do eixo x onde se encontra a linha de corrente\r\n\r\n//"P0y" é o ponto do eixo y onde se encontra a linha de corrente\r\n\r\n\r\n\r\n//Definindo a função\r\n\r\nfunction y = f(z), y = I*comp_vet/((4) * (( (P1x - P0x)^2 + (P1y - P0y)^2 + z^2)^1.5 + 0.01) ), endfunction;\r\n\r\n\r\n\r\n//Passo para cálculo da integral\r\n\r\nh = 0.1;\r\n\r\n\r\n\r\n//Definindo o número de iterações do laço\r\n\r\nn = (b - a)/h;\r\n\r\n\r\n\r\n//Variável de resultado da integral\r\n\r\nresultado = 0;\r\n\r\n\r\n\r\n//Iniciaizando os valores para inicio do cálculo da integral\r\n\r\na_linha = a;\r\n\r\nb_linha = a + h;\r\n\r\n\r\n\r\n//Calculando a integral através do método de simpsom\r\n\r\nfor i=1:n\r\n\r\n   resultado = resultado + ((b_linha - a_linha)/6) * (f(a_linha) + 4*f((((a_linha + b_linha)/2))) + f(b_linha));\r\n\r\n   a_linha = a_linha + h;\r\n\r\n   b_linha = b_linha + h;\r\n\r\n   end\r\n\r\n\r\n\r\n//Jogando para a saída\r\n\r\nresult = resultado;\r\n\r\n\r\n\r\nendfunction\r\n\r\n\r\n\r\n\r\n\r\n	t	2007-11-21 13:09:02.898143	2007-11-21 13:09:02.898143
9	1	integral_simpson_em_y	integral_simpson_em_y	function [result] = Integral_em_y(a, b, I, comp_vet, P1x, P1y, P0x, P0y)\r\n\r\n//"a" é o intervalo mínimo para a integração\r\n\r\n//"b" é o intervalo máximo para a integração\r\n\r\n//"I" é o valor da corrente\r\n\r\n//"comp_vet" é a intensidade do vetor numa determianda direção\r\n\r\n//"P1x" é o ponto do eixo x onde se esta calculando o campo neste momento\r\n\r\n//"P1y" é o ponto do eixo y onde se esta calculando o campo neste momento\r\n\r\n//"P0x" é o ponto do eixo x onde se encontra a linha de corrente\r\n\r\n//"P0y" é o ponto do eixo y onde se encontra a linha de corrente\r\n\r\n\r\n\r\n//Definindo a função\r\n\r\nfunction y = f(z), y = I*comp_vet/((4) * (( (P1x - P0x)^2 + (P1y - P0y)^2 + z^2)^1.5 + 0.01) ), endfunction;\r\n\r\n\r\n\r\n//Passo para cálculo da integral\r\n\r\nh = 0.1;\r\n\r\n\r\n\r\n//Definindo o número de iterações do laço\r\n\r\nn = (b - a)/h;\r\n\r\n\r\n\r\n//Variável de resultado da integral\r\n\r\nresultado = 0;\r\n\r\n\r\n\r\n//Iniciaizando os valores para inicio do cálculo da integral\r\n\r\na_linha = a;\r\n\r\nb_linha = a + h;\r\n\r\n\r\n\r\n//Calculando a integral através do método de simpsom\r\n\r\nfor i=1:n\r\n\r\n   resultado = resultado + ((b_linha - a_linha)/6) * (f(a_linha) + 4*f((((a_linha + b_linha)/2))) + f(b_linha));\r\n\r\n   a_linha = a_linha + h;\r\n\r\n   b_linha = b_linha + h;\r\n\r\n   end\r\n\r\n\r\n\r\n//Jogando para a saída\r\n\r\nresult = resultado;\r\n\r\n\r\n\r\nendfunction\r\n\r\n\r\n\r\n\r\n\r\n	t	2007-11-21 13:09:44.80816	2007-11-21 13:09:44.80816
10	1	torque_densidade_fluxo	Programa que calcula o torque para uma determinada densidade de fluxo magnética sobre uma corrente.	//Programa que calcula o torque para uma determinada densidade de fluxo magnética sobre uma corrente\r\n\r\nfunction [Tx, Ty, Tz] = torque_densidade_de_fluxo(Ia, Pax, Pay, Paz, d_min_a, d_max_a, ax, ay, az, bx, by, bz, ox, oy, oz)\r\n\r\n//Ia - Intensidade do filamento de corrente finito\r\n\r\n//Pax - coordenada x de um ponto pelo qual esse filamento passa\r\n\r\n//Pay - coordenada y de um ponto pelo qual esse filamento passa\r\n\r\n//Paz - coordenada z de um ponto pelo qual esse filamento passa\r\n\r\n//d_min_a - valor mínimo do intervalo do fio - limite inferior do intervalo de integração\r\n\r\n//d_max_a - valor máximo do intervalo do fio - limite superior do intervalo de integração\r\n\r\n//ax, ay, az - componentes da direção do fio - terá o valor 1 aquela que for a direção do fio\r\n\r\n//Ib - Intensidade do filamento de corrente infinito\r\n\r\n//Pbx - coordenada x de um ponto pelo qual esse filamento passa\r\n\r\n//Pby - coordenada y de um ponto pelo qual esse filamento passa\r\n\r\n//Pbz - coordenada z de um ponto pelo qual esse filamento passa\r\n\r\n//bx, by, bz - componentes da direção do fio - terá o valor 1 aquela que for a direção do fio\r\n\r\n//ox, oy, oz - cooredenadas x, y e z da origem\r\n\r\n\r\n\r\n//Origem\r\n\r\no = [ox oy oz];\r\n\r\n\r\n\r\n//Filamento no qual será calculado a força magnética\r\n\r\nI = Ia ;//* (10)^(-3);\r\n\r\nP1x = Pax;  //Ponto na coordenada x que o fio passa\r\n\r\nP1y = Pay;  //Ponto na coordenada y que o fio passa\r\n\r\nP1z = Paz;  //Ponto na coordenada z que o fio passa\r\n\r\nd_min = d_min_a;  //Valor mínimo do intervalo do fio\r\n\r\nd_max = d_max_a;  //Valor máximo do intervalo do fio\r\n\r\ndirecao2 = zeros(3);  //Vetor direção da corrente\r\n\r\ndirecao(1) = ax;  //Direção ax\r\n\r\ndirecao(2) = ay;  //Direção ay\r\n\r\ndirecao(3) = az;  //Direção az\r\n\r\n\r\n\r\n//Definindo o passo de integração da força\r\n\r\nh = 0.1;\r\n\r\n\r\n\r\n//Calculando o número de segmentos em que foi divido a corrente onde será calculada a força\r\n\r\nqtd = (d_max - d_min)/h;\r\n\r\n\r\n\r\n//Criaremos uma variável que será a posição sobre a corrente (na qual se está calculando a força) após cada iteração\r\n\r\ndelta = d_min;\r\n\r\n\r\n\r\n//Força nos eixos\r\n\r\nforcax = 0;\r\n\r\nforcay = 0;\r\n\r\nforcaz = 0;\r\n\r\n\r\n\r\n//Torque nos eixos\r\n\r\ntorque_x = 0;\r\n\r\ntorque_y = 0;\r\n\r\ntorque_z = 0;\r\n\r\n\r\n\r\n//Para cada ponto do filamento de corrente finito\r\n\r\nfor w = 1:qtd\r\n\r\n\r\n\r\n   //Calculando a força\r\n\r\n   [BdL1 BdL2 BdL3] = prod_vet3(direcao(1), direcao(2), direcao(3), bx, by, bz);\r\n\r\n   forcax = I * BdL1;\r\n\r\n   forcay = I * BdL2;\r\n\r\n   forcaz = I * BdL3;\r\n\r\n\r\n\r\n   //Calculando o torque\r\n\r\n   //Caso filamento de corrente sobre o qual se esta calculando o torque esteja na direção ax\r\n\r\n   if(direcao(1) == 1 | direcao(1) == -1)\r\n\r\n   \r\n\r\n      [tx ty tz] = prod_vet3(delta - o(1), P1y - o(2), P1z - o(3), forcax, forcay, forcaz);\r\n\r\n      torque_x = torque_x + tx;\r\n\r\n      torque_y = torque_y + ty;\r\n\r\n      torque_z = torque_z + tz;\r\n\r\n      \r\n\r\n      end\r\n\r\n      \r\n\r\n   //Caso filamento de corrente sobre o qual se esta calculando o torque esteja na direção ay\r\n\r\n   if(direcao(2) == 1 | direcao(2) == -1)\r\n\r\n   \r\n\r\n      [tx ty tz] = prod_vet3(P1x - o(1), delta - o(2), P1z - o(3), forcax, forcay, forcaz);\r\n\r\n      torque_x = torque_x + tx;\r\n\r\n      torque_y = torque_y + ty;\r\n\r\n      torque_z = torque_z + tz;\r\n\r\n      \r\n\r\n      end\r\n\r\n      \r\n\r\n   //Caso filamento de corrente sobre o qual se esta calculando o torque esteja na direção az\r\n\r\n   if(direcao(3) == 1 | direcao(3) == -1)\r\n\r\n   \r\n\r\n      [tx ty tz] = prod_vet3(P1x - o(1), P1y - o(2), delta - o(3), forcax, forcay, forcaz);\r\n\r\n      torque_x = torque_x + tx;\r\n\r\n      torque_y = torque_y + ty;\r\n\r\n      torque_z = torque_z + tz;\r\n\r\n      \r\n\r\n      end\r\n\r\n\r\n\r\n   //Incrementando o ponto do filamento de corrente no qual está sendo calculado a força\r\n\r\n   delta = d_min + h*w;\r\n\r\n\r\n\r\nend\r\n\r\n\r\n\r\n//Parametrizando\r\n\r\ntorque_x = torque_x/(0.1/h);\r\n\r\ntorque_y = torque_y/(0.1/h);\r\n\r\ntorque_z = torque_z/(0.1/h);\r\n\r\n\r\n\r\n//Retornando resultado\r\n\r\nTx = torque_x;\r\n\r\nTy = torque_y;\r\n\r\nTz = torque_z;\r\n\r\n\r\n\r\nendfunction\r\n\r\n	t	2007-11-21 13:50:22.967083	2007-11-21 13:50:22.967083
\.


--
-- Data for Name: libs_programs; Type: TABLE DATA; Schema: public; Owner: sciweb
--

COPY libs_programs (lib_id, program_id) FROM stdin;
5	2
4	2
3	2
2	2
1	2
4	1
3	1
2	1
1	1
6	5
7	6
7	4
6	3
9	9
8	9
4	9
4	10
3	10
2	10
1	10
4	11
3	11
2	11
1	11
4	12
3	12
2	12
1	12
10	14
4	14
3	14
2	14
1	14
5	15
4	15
3	15
2	15
1	15
\.


--
-- Data for Name: nodes; Type: TABLE DATA; Schema: public; Owner: sciweb
--

COPY nodes (id, ip) FROM stdin;
\.


--
-- Data for Name: programs; Type: TABLE DATA; Schema: public; Owner: sciweb
--

COPY programs (id, user_id, nome, descricao, codigo, parametros, publico, created_at, updated_at, tipo_retorno) FROM stdin;
2	1	forca_em_uma_espira	forca_em_uma_espira	//Programa que calcula a força magnética produzida por n filametos de corrente infinitos em uma espira\r\n\r\n\r\n\r\n//Número de correntes infinitas\r\n\r\nn = 1;\r\n\r\n\r\n\r\n//Definindo as matrizes para caracterizar as correntes que produzirão a força\r\n\r\n//I1 = zeros(n);  //Vetor com o valor da intensidade das correntes\r\n\r\n//P0x = zeros(n);  //Vetor com n pontos na coordenada x onde uma determinada corrente passa\r\n\r\n//P0y = zeros(n);  //Vetor com n pontos na coordenada y onde uma determinada corrente passa\r\n\r\n//P0z = zeros(n);  //Vetor com n pontos na coordenada z onde uma determinada corrente passa\r\n\r\n//direcao1 = zeros(n, 3);  //Vetor com a direção das correntes\r\n\r\n                         //direcao1(n, 1) - direção ax\r\n\r\n                         //direcao1(n, 2) - direção ay\r\n\r\n                         //direcao1(n, 3) - direção az\r\n\r\n                         \r\n\r\n/////////////////////////////////////////////////////////////////////////////////////\r\n\r\n//Definindo os filamentos de corrente infinitos\r\n\r\n//I1(1) = 15;\r\n\r\n//P0x(1) = 0;\r\n\r\n//P0y(1) = 0;\r\n\r\n//P0z(1) = 0;\r\n\r\n//direcao1(1, 1) = 0;\r\n\r\n//direcao1(1, 2) = 0;\r\n\r\n//direcao1(1, 3) = 1;\r\n\r\n\r\n\r\n//Definindo a espira \r\n\r\n//I = 0.006;\r\n\r\n//P1 = [1 0 1];  //Vértices superior esquerdo\r\n\r\n//P2 = [3 0 1];  //Vértica inferior esquero\r\n\r\n//P3 = [3 0 4];  //Vértice inferior direito\r\n\r\n//P4 = [1 0 4];  //Vértice superior direito\r\n\r\n//s = 1;  //Sentido da corrente - -1 -> horário\r\n\r\n        //                     - 1 -> anti-horário\r\n\r\n/////////////////////////////////////////////////////////////////////////////////////\r\n\r\n\r\n\r\n\r\n\r\n//Dividindo a espira em 4 segmentos de corrente\r\n\r\nI2 = zeros(4);\r\n\r\nP1x = zeros(4);\r\n\r\nP1y = zeros(4);\r\n\r\nP1z = zeros(4);\r\n\r\nd_min = zeros(4);\r\n\r\nd_max = zeros(4);\r\n\r\ndirecao2 = zeros(4, 3);\r\n\r\n\r\n\r\nI2(1) = I;\r\n\r\nI2(2) = I;\r\n\r\nI2(3) = I;\r\n\r\nI2(4) = I;\r\n\r\n\r\n\r\n//Linha 1\r\n\r\nP1x(1) = P1(1);\r\n\r\nP1y(1) = P1(2);\r\n\r\nP1z(1) = P1(3);\r\n\r\n\r\n\r\nv_teste = P1 - P2;\r\n\r\nif(v_teste(1) > 0)\r\n\r\n   d_min(1) = P2(1);\r\n\r\n   d_max(1) = P1(1);\r\n\r\n   end\r\n\r\n   \r\n\r\nif(v_teste(1) < 0)\r\n\r\n   d_min(1) = P1(1);\r\n\r\n   d_max(1) = P2(1);\r\n\r\n   end\r\n\r\n   \r\n\r\nif(v_teste(2) > 0)\r\n\r\n   d_min(1) = P2(2);\r\n\r\n   d_max(1) = P1(2);\r\n\r\n   end\r\n\r\n   \r\n\r\nif(v_teste(2) < 0)\r\n\r\n   d_min(1) = P1(2);\r\n\r\n   d_max(1) = P2(2);\r\n\r\n   end\r\n\r\n   \r\n\r\nif(v_teste(3) > 0)\r\n\r\n   d_min(1) = P2(3);\r\n\r\n   d_max(1) = P1(3);\r\n\r\n   end\r\n\r\n   \r\n\r\nif(v_teste(3) < 0)\r\n\r\n   d_min(1) = P1(3);\r\n\r\n   d_max(1) = P2(3);\r\n\r\n   end\r\n\r\n   \r\n\r\ndirecao2(1, 1) = s * (-v_teste(1)/ (v_teste(1)^2 + v_teste(2)^2 + v_teste(3)^2)^0.5);\r\n\r\ndirecao2(1, 2) = s * (-v_teste(2)/ (v_teste(1)^2 + v_teste(2)^2 + v_teste(3)^2)^0.5);\r\n\r\ndirecao2(1, 3) = s * (-v_teste(3)/ (v_teste(1)^2 + v_teste(2)^2 + v_teste(3)^2)^0.5);\r\n\r\n\r\n\r\n//Linha 2\r\n\r\nP1x(2) = P2(1);\r\n\r\nP1y(2) = P2(2);\r\n\r\nP1z(2) = P2(3);\r\n\r\n\r\n\r\nv_teste = P2 - P3;\r\n\r\nif(v_teste(1) > 0)\r\n\r\n   d_min(2) = P3(1);\r\n\r\n   d_max(2) = P2(1);\r\n\r\n   end\r\n\r\n   \r\n\r\nif(v_teste(1) < 0)\r\n\r\n   d_min(2) = P2(1);\r\n\r\n   d_max(2) = P3(1);\r\n\r\n   end\r\n\r\n   \r\n\r\nif(v_teste(2) > 0)\r\n\r\n   d_min(2) = P3(2);\r\n\r\n   d_max(2) = P2(2);\r\n\r\n   end\r\n\r\n   \r\n\r\nif(v_teste(2) < 0)\r\n\r\n   d_min(2) = P2(2);\r\n\r\n   d_max(2) = P3(2);\r\n\r\n   end\r\n\r\n   \r\n\r\nif(v_teste(3) > 0)\r\n\r\n   d_min(2) = P3(3);\r\n\r\n   d_max(2) = P2(3);\r\n\r\n   end\r\n\r\n   \r\n\r\nif(v_teste(3) < 0)\r\n\r\n   d_min(2) = P2(3);\r\n\r\n   d_max(2) = P3(3);\r\n\r\n   end\r\n\r\n   \r\n\r\ndirecao2(2, 1) = s * (-v_teste(1)/ (v_teste(1)^2 + v_teste(2)^2 + v_teste(3)^2)^0.5);\r\n\r\ndirecao2(2, 2) = s * (-v_teste(2)/ (v_teste(1)^2 + v_teste(2)^2 + v_teste(3)^2)^0.5);\r\n\r\ndirecao2(2, 3) = s * (-v_teste(3)/ (v_teste(1)^2 + v_teste(2)^2 + v_teste(3)^2)^0.5);\r\n\r\n\r\n\r\n//Linha 3\r\n\r\nP1x(3) = P3(1);\r\n\r\nP1y(3) = P3(2);\r\n\r\nP1z(3) = P3(3);\r\n\r\n\r\n\r\nd_min(3) = d_min(1);\r\n\r\nd_max(3) = d_max(1);\r\n\r\n\r\n\r\ndirecao2(3,1) = -direcao2(1,1);\r\n\r\ndirecao2(3,2) = -direcao2(1,2);\r\n\r\ndirecao2(3,3) = -direcao2(1,3);\r\n\r\n\r\n\r\n//Linha 4\r\n\r\nP1x(4) = P4(1);\r\n\r\nP1y(4) = P4(2);\r\n\r\nP1z(4) = P4(3);\r\n\r\n\r\n\r\nd_min(4) = d_min(2);\r\n\r\nd_max(4) = d_max(2);\r\n\r\n\r\n\r\ndirecao2(4,1) = -direcao2(2,1);\r\n\r\ndirecao2(4,2) = -direcao2(2,2);\r\n\r\ndirecao2(4,3) = -direcao2(2,3);\r\n\r\n\r\n\r\n//Resultado\r\n\r\nFx = 0;\r\n\r\nFy = 0;\r\n\r\nFz = 0;\r\n\r\n\r\n\r\n//Calculando o resultado\r\n\r\nfor j = 1:n\r\n\r\n   for i = 1:4\r\n\r\n\r\n\r\n      [fx fy fz] = forca_magnetica(I2(i), P1x(i), P1y(i), P1z(i), d_min(i), d_max(i), direcao2(i, 1), direcao2(i, 2), direcao2(i, 3), I1(j), P0x(j), P0y(j), P0z(j), direcao1(j,1), direcao1(j,2), direcao1(j, 3) );\r\n\r\n      Fx = Fx + fx;\r\n\r\n      Fy = Fy + fy;\r\n\r\n      Fz = Fz + fz;\r\n\r\n   \r\n\r\n      end\r\n\r\n   end\r\n\r\n\r\n\r\n//Corrigindo erros de aproximação\r\n\r\nif( (Fx > 0 & Fx < 0.0001) | (Fx < 0 & Fx > -0.0001) )\r\n\r\n   Fx = 0;\r\n\r\n   end\r\n\r\n   \r\n\r\nif(( Fy > 0 & Fy < 0.0001) | (Fy < 0 & Fy > -0.0001))\r\n\r\n   Fy = 0;\r\n\r\n   end\r\n\r\n   \r\n\r\nif( (Fz > 0 & Fz < 0.0001) | (Fz < 0 & Fz > -0.0001))\r\n\r\n   Fz = 0;\r\n\r\n   end\r\n\r\n\r\n\r\n//Mostrando o resultado\r\n\r\n[Fx Fy Fz]\r\n\r\n	I1: 15\r\nP0x: [0]\r\nP0y: [0]\r\nP0z: [0]\r\ndirecao1: [ [0, 0, 1] ]\r\nI: 0.006\r\nP1: [1, 0, 1]\r\nP2: [3, 0, 1]\r\nP3: [3, 0, 4]\r\nP4: [1, 0, 4]\r\ns: 1	t	2007-11-21 06:01:06.732078	2007-11-21 10:19:54.098505	numerico
1	1	forca_em_uma_linha	forca_em_uma_linha	//Programa que a força produzida por n filamentos de corrente infinitos em um outro flamento de corrente\r\n\r\n\r\n\r\n//Numero de filamentos que produzirão a força magnético em um outro filamento\r\n\r\nn = 1;\r\n\r\n\r\n\r\n//"Tamanho" da linha - de d1 à d2\r\n\r\nd1 = -100;\r\n\r\nd2 = 100;\r\n\r\n\r\n\r\n//Mi\r\n\r\nMi = 4 * %pi * (10)^(1);  //Convertendo para nano\r\n\r\n\r\n\r\n//Definindo as matrizes para caracterizar as correntes que produzirão a força\r\n\r\n//I1 = zeros(n);  //Vetor com o valor da intensidade das correntes\r\n\r\n//P0x = zeros(n);  //Vetor com n pontos na coordenada x onde uma determinada corrente passa\r\n\r\n//P0y = zeros(n);  //Vetor com n pontos na coordenada y onde uma determinada corrente passa\r\n\r\n//P0z = zeros(n);  //Vetor com n pontos na coordenada z onde uma determinada corrente passa\r\n\r\n//direcao1 = zeros(n, 3);  //Vetor com a direção das correntes\r\n\r\n                         //direcao1(n, 1) - direção ax\r\n\r\n                         //direcao1(n, 2) - direção ay\r\n\r\n                         //direcao1(n, 3) - direção az\r\n\r\n\r\n\r\n//Definindo os filamentos de corrente\r\n\r\n//I1(1) = 50;\r\n\r\n//P0x(1) = 5;\r\n\r\n//P0y(1) = 0;\r\n\r\n//P0z(1) = 0;\r\n\r\n//direcao1(1, 1) = 0;\r\n\r\n//direcao1(1, 2) = 0;\r\n\r\n//direcao1(1, 3) = 1;\r\n\r\n\r\n\r\n//I1(2) = 25;\r\n\r\n//P0x(2) = 0;\r\n\r\n//P0y(2) = 0;\r\n\r\n//P0z(2) = 0;\r\n\r\n//direcao1(2, 1) = 0;\r\n\r\n//direcao1(2, 2) = 0;\r\n\r\n//direcao1(2, 3) = 1;\r\n\r\n\r\n\r\n\r\n\r\n//Filamento no qual será calculado a força magnética\r\n\r\n//I2 = 50;  //Em A\r\n\r\n//P1x = 0;  //Ponto na coordenada x que o fio passa\r\n\r\n//P1y = 0;  //Ponto na coordenada y que o fio passa\r\n\r\n//P1z = 0;  //Ponto na coordenada z que o fio passa\r\n\r\n//d_min = 0;  //Valor mínimo do intervalo do fio\r\n\r\n//d_max = 1;  //Valor máximo do intervalo do fio\r\n\r\n//direcao2 = zeros(3);  //Vetor direção da corrente\r\n\r\n//direcao2(1) = 0;  //Direção ax\r\n\r\n//direcao2(2) = 0;  //Direção ay\r\n\r\n//direcao2(3) = 1;  //Direção az\r\n\r\n\r\n\r\n//Definindo o passo de integração da força\r\n\r\n//h = 0.1;\r\n\r\n\r\n\r\n//Calculando o número de segmentos em que foi divido a corrente onde será calculada a força\r\n\r\nqtd = (d_max - d_min)/h;\r\n\r\n\r\n\r\n//Criaremos uma variável que será a posição sobre a corrente (na qual se está calculando a força) após cada iteração\r\n\r\ndelta = d_min;\r\n\r\n\r\n\r\n//Vetores de resultado para o campo magnetico em cada direção para cada filamento\r\n\r\nhx = zeros(n);\r\n\r\nhy = zeros(n);\r\n\r\nhz = zeros(n);\r\n\r\n\r\n\r\n//Força nos eixos\r\n\r\nforcax = 0;\r\n\r\nforcay = 0;\r\n\r\nforcaz = 0;\r\n\r\n\r\n\r\n//Calculando em cada ponto do filamento de corrente finito\r\n\r\nfor w = 1:qtd\r\n\r\n   //Calculando o campo magnético gerado pelas n linhas de correntes\r\n\r\n   for i = 1:n\r\n\r\n  \r\n\r\n  //Caso o filamento de corrente onde vai ser calculado a força tem direção ax\r\n\r\n  if( direcao2(1) == 1 | direcao2(1) == -1)\r\n\r\n  \r\n\r\n     //Caso a distancia seja 0, não calcular\r\n\r\n      if( (delta - P0x(i))==0 & (P1y - P0y(i))==0 & (P1z - P0z(i))==0 )\r\n\r\n         continue;\r\n\r\n      end;\r\n\r\n      \r\n\r\n     //Realizando o produto vetorial entre a direção da corrente que gera o campo e o vetor posição, para cálculo do campo magnético\r\n\r\n     [a b c] = prod_vet3( direcao1(i, 1), direcao1(i, 2), direcao1(i, 3), delta - P0x(i), P1y - P0y(i), P1z - P0z(i) );\r\n\r\n  \r\n\r\n     //Caso a integração da corrente que gera o campo seja em dx\r\n\r\n     if( direcao1(i, 1) == 1 | direcao1(i, 1) == -1)\r\n\r\n  \r\n\r\n        hx(i) = Integrando_em_x( d1, d2, I1(i), a, delta, P1y, P1z, P0y(i), P0z(i) );\r\n\r\n        hy(i) = Integrando_em_x( d1, d2, I1(i), b, delta, P1y, P1z, P0y(i), P0z(i) );\r\n\r\n        hz(i) = Integrando_em_x( d1, d2, I1(i), c, delta, P1y, P1z, P0y(i), P0z(i) );\r\n\r\n\r\n\r\n         end\r\n\r\n      \r\n\r\n      //Caso a integração da corrente que gera o campo seja em dy\r\n\r\n      if( direcao1(i, 2) == 1 | direcao1(i, 2) == -1)\r\n\r\n  \r\n\r\n        hx(i) = Integrando_em_y( d1, d2, I1(i), a, delta, P1y, P1z, P0x(i), P0z(i) );\r\n\r\n        hy(i) = Integrando_em_y( d1, d2, I1(i), b, delta, P1y, P1z, P0x(i), P0z(i) );\r\n\r\n        hz(i) = Integrando_em_y( d1, d2, I1(i), c, delta, P1y, P1z, P0x(i), P0z(i) );\r\n\r\n\r\n\r\n         end\r\n\r\n      \r\n\r\n      //Caso a integração da corrente que gera o campo seja em dz\r\n\r\n      if( direcao1(i, 3) == 1 | direcao1(i, 3) == -1)\r\n\r\n  \r\n\r\n        hx(i) = Integrando_em_z( d1, d2, I1(i), a, delta, P1y, P1z, P0x(i), P0y(i) );\r\n\r\n        hy(i) = Integrando_em_z( d1, d2, I1(i), b, delta, P1y, P1z, P0x(i), P0y(i) );\r\n\r\n        hz(i) = Integrando_em_z( d1, d2, I1(i), c, delta, P1y, P1z, P0x(i), P0y(i) );\r\n\r\n\r\n\r\n         end\r\n\r\n  \r\n\r\n      end\r\n\r\n   \r\n\r\n   //Caso o filamento de corrente onde vai ser calculado a força tem direção ay\r\n\r\n   if( direcao2(2) == 1 | direcao2(2) == -1)\r\n\r\n  \r\n\r\n      //Caso a distancia seja 0, não calcular\r\n\r\n      if( (P1x - P0x(i))==0 & (delta - P0y(i))==0 & (P1z - P0z(i))==0 )\r\n\r\n         continue;\r\n\r\n      end;\r\n\r\n  \r\n\r\n      //Realizando o produto vetorial entre a direção da corrente que gera o campo e o vetor posição, para cálculo do campo magnético\r\n\r\n      [a b c] = prod_vet3( direcao1(i, 1), direcao1(i, 2), direcao1(i, 3), P1x - P0x(i), delta - P0y(i), P1z - P0z(i));\r\n\r\n      \r\n\r\n      //Caso a integração da corrente que gera o campo seja em dx\r\n\r\n      if( direcao1(i, 1) == 1 | direcao1(i, 1) == -1)\r\n\r\n  \r\n\r\n         hx(i) = Integrando_em_x( d1, d2, I1(i), a, P1x, delta, P1z, P0y(i), P0z(i) );\r\n\r\n         hy(i) = Integrando_em_x( d1, d2, I1(i), b, P1x, delta, P1z, P0y(i), P0z(i) );\r\n\r\n         hz(i) = Integrando_em_x( d1, d2, I1(i), c, P1x, delta, P1z, P0y(i), P0z(i) );\r\n\r\n\r\n\r\n          end\r\n\r\n       //Caso a integração da corrente que gera o campo seja em dy\r\n\r\n       if( direcao1(i, 2) == 1 | direcao1(i, 2) == -1)\r\n\r\n  \r\n\r\n         hx(i) = Integrando_em_y( d1, d2, I1(i), a, P1x, delta, P1z, P0x(i), P0z(i) );\r\n\r\n         hy(i) = Integrando_em_y( d1, d2, I1(i), b, P1x, delta, P1z, P0x(i), P0z(i) );\r\n\r\n         hz(i) = Integrando_em_y( d1, d2, I1(i), c, P1x, delta, P1z, P0x(i), P0z(i) );\r\n\r\n\r\n\r\n          end\r\n\r\n       //Caso a integração da corrente que gera o campo seja em dy\r\n\r\n       if( direcao1(i, 3) == 1 | direcao1(i, 3) == -1)\r\n\r\n  \r\n\r\n         hx(i) = Integrando_em_z( d1, d2, I1(i), a, P1x, delta, P1z, P0x(i), P0y(i) );\r\n\r\n         hy(i) = Integrando_em_z( d1, d2, I1(i), b, P1x, delta, P1z, P0x(i), P0y(i) );\r\n\r\n         hz(i) = Integrando_em_z( d1, d2, I1(i), c, P1x, delta, P1z, P0x(i), P0y(i) );\r\n\r\n\r\n\r\n          end\r\n\r\n  \r\n\r\n       end\r\n\r\n\r\n\r\n  //Caso o filamento de corrente onde vai ser calculado a força tem direção az\r\n\r\n  if( direcao2(3) == 1 | direcao2(3) == -1)\r\n\r\n  \r\n\r\n      //Caso a distancia seja 0, não calcular\r\n\r\n      if( (P1x - P0x(i))==0 & (P1y - P0y(i))==0 & (delta- P0z(i))==0 )\r\n\r\n         continue;\r\n\r\n      end;\r\n\r\n  \r\n\r\n      //Realizando o produto vetorial entre a direção da corrente que gera o campo e o vetor posição, para cálculo do campo magnético\r\n\r\n      [a b c] = prod_vet3( direcao1(i, 1), direcao1(i, 2), direcao1(i, 3), P1x - P0x(i), P1y - P0y(i), delta - P0z(i));\r\n\r\n      \r\n\r\n      //Caso a integração da corrente que gera o campo seja em dx\r\n\r\n      if( direcao1(i, 1) == 1 | direcao1(i, 1) == -1)\r\n\r\n  \r\n\r\n         hx(i) = Integrando_em_x( d1, d2, I1(i), a, P1x, P1y, delta, P0y(i), P0z(i) );\r\n\r\n         hy(i) = Integrando_em_x( d1, d2, I1(i), b, P1x, P1y, delta, P0y(i), P0z(i) );\r\n\r\n         hz(i) = Integrando_em_x( d1, d2, I1(i), c, P1x, P1y, delta, P0y(i), P0z(i) );\r\n\r\n\r\n\r\n         end   \r\n\r\n       \r\n\r\n       //Caso a integração da corrente que gera o campo seja em dy\r\n\r\n       if( direcao1(i, 2) == 1 | direcao1(i, 2) == -1)\r\n\r\n  \r\n\r\n         hx(i) = Integrando_em_y( d1, d2, I1(i), a, P1x, P1y, delta, P0x(i), P0z(i) );\r\n\r\n         hy(i) = Integrando_em_y( d1, d2, I1(i), b, P1x, P1y, delta, P0x(i), P0z(i) );\r\n\r\n         hz(i) = Integrando_em_y( d1, d2, I1(i), c, P1x, P1y, delta, P0x(i), P0z(i) );\r\n\r\n\r\n\r\n         end\r\n\r\n       \r\n\r\n       //Caso a integração da corrente que gera o campo seja em dz\r\n\r\n       if( direcao1(i, 3) == 1 | direcao1(i, 3) == -1)\r\n\r\n  \r\n\r\n         hx(i) = Integrando_em_z( d1, d2, I1(i), a, P1x, P1y, delta, P0x(i), P0y(i) );\r\n\r\n         hy(i) = Integrando_em_z( d1, d2, I1(i), b, P1x, P1y, delta, P0x(i), P0y(i) );\r\n\r\n         hz(i) = Integrando_em_z( d1, d2, I1(i), c, P1x, P1y, delta, P0x(i), P0y(i) );\r\n\r\n\r\n\r\n         end\r\n\r\n  \r\n\r\n      end\r\n\r\n   \r\n\r\n   end\r\n\r\n\r\n\r\n   //Resultado do campo total naquele ponto\r\n\r\n   Campo_em_x = 0;\r\n\r\n   Campo_em_y = 0;\r\n\r\n   Campo_em_z = 0;\r\n\r\n   \r\n\r\n   //Calculando o campo total produzido naquele ponto por todos os filamentos de corrente\r\n\r\n   for i= 1:n\r\n\r\n\r\n\r\n      Campo_em_x = Campo_em_x + hx(i);\r\n\r\n      Campo_em_y = Campo_em_y + hy(i);\r\n\r\n      Campo_em_z = Campo_em_z + hz(i);\r\n\r\n   \r\n\r\n      end\r\n\r\n\r\n\r\n   //Definindo a densidade de fluxo magnético\r\n\r\n   bx = Campo_em_x * Mi;\r\n\r\n   by = Campo_em_y * Mi;\r\n\r\n   bz = Campo_em_z * Mi;\r\n\r\n\r\n\r\n   //Calculando a força\r\n\r\n   [BdL1 BdL2 BdL3] = prod_vet3(direcao2(1), direcao2(2), direcao2(3), bx, by, bz);\r\n\r\n   forcax = forcax + I2 * BdL1;\r\n\r\n   forcay = forcay + I2 * BdL2;\r\n\r\n   forcaz = forcaz + I2 * BdL3;\r\n\r\n\r\n\r\n   //Incrementando o ponto do filamento de corrente no qual está sendo calculado a força\r\n\r\n   delta = d_min + h*w;\r\n\r\n\r\n\r\nend\r\n\r\n\r\n\r\n//Parametrizando o resultado\r\n\r\nforcax = forcax/(0.1/h);\r\n\r\nforcay = forcay/(0.1/h);\r\n\r\nforcaz = forcaz/(0.1/h);\r\n\r\n\r\n\r\n//Mostrando o resultado\r\n"Força (nN):"\r\n[forcax forcay forcaz]\r\n\r\n	I1: [15]\r\nP0x: [0]\r\nP0y: [0]\r\nP0z: [0]\r\ndirecao1: [ [0, 0, 1] ]\r\nI2: 0.006\r\nP1x: 3\r\nP1y: 0\r\nP1z: 1\r\nd_min: 1\r\nd_max: 4\r\ndirecao2: [0, 0, 1]\r\nh: 0.1	t	2007-11-21 06:00:30.79141	2007-11-21 10:26:03.393547	numerico
4	1	indutancia_coaxial_2	indutancia_coaxial_2	N = 2;\r\n\r\n"Indutância (uH):"\r\nindutancia2(N, mi, ro, I, a, ro(1))	mi: [1, 3]\r\n\r\nro: [0.5, 5]\r\n\r\na: 0.2\r\n\r\n\r\nI: 1	t	2007-11-21 10:40:26.374211	2007-11-21 11:00:54.962567	numerico
3	1	indutancia_coaxial_1	Cálculo da indutância de um cilindro com N meios no seu interior, variando com fi	N = 2;\r\n\r\nfor j=1:N\r\n\r\n  fi(j) = fi(j)*%pi/180;\r\n\r\nend\r\n\r\n"Indutância (uH):"\r\nindutancia1(N, mi, fi, I, a, b)	mi: [1, 3]\r\nfi: [90, 360]\r\na: 0.2\r\nb: 1\r\nI: 1	t	2007-11-21 10:37:51.056775	2007-11-21 11:01:37.502323	numerico
5	1	indutancia_grafico_1	Cálculo da indutância de um cilindro com N meios no seu interior, variando com fi	// Cálculo da indutância de um cilindro com N meios no seu interior, variando com fi\r\n\r\n\r\n\r\n// Número de meios no cilindro\r\n\r\nN = 2;\r\n\r\n\r\n\r\n// vetor com as permeabilidades relativas de cada meio\r\n\r\n//mi = [1 3];\r\n\r\n\r\n\r\n// vetor com os limites de fi de cada meio\r\n\r\nfi = [90 360];\r\n\r\n\r\n\r\n// Raio menor do condutor coaxial\r\n\r\na = 0.2;\r\n\r\n\r\n\r\n// corrente total conduzinda no cilindro\r\n\r\nI = 1;\r\n\r\n\r\n\r\n// Raio maior inicial\r\n\r\n//b1 = 0.25;\r\n\r\n\r\n\r\n// Raio maior final\r\n\r\n//b2 = 10;\r\n\r\n\r\n\r\n// Passo da variação do raio\r\n\r\n//h1 = 0.05;\r\n\r\n\r\n\r\n// Convertendo fi para radianos\r\n\r\nfor j=1:N\r\n\r\n  fi(j) = fi(j)*%pi/180;\r\n\r\nend\r\n\r\n\r\n\r\nn = (b2-b1)/h1 + 1;\r\n\r\nresultado = 1:n;\r\n\r\nb_linha = b1;\r\n\r\nfor i=1:n\r\n\r\n  resultado(i) = indutancia1(N, mi, fi, I, a, b_linha);\r\n\r\n  b_linha = b_linha + h1;\r\n\r\nend\r\n\r\n\r\n\r\nx=b1:h1:b2;\r\n\r\nplot(x,resultado);\r\n\r\n\r\n	b1: 0.25\r\nb2: 10\r\nmi: [1, 3]\r\nh1: 0.05	t	2007-11-21 10:44:10.102384	2007-11-21 10:44:10.102384	grafico
6	1	indutancia_grafico_2	Cálculo da indutância de um cilindro com N meios no seu interior, variando com fi	// Cálculo da indutância de um cilindro com N meios no seu interior, variando com fi\r\n\r\n\r\n\r\n// Número de meios no cilindro\r\n\r\nN = 2;\r\n\r\n\r\n\r\n// vetor com as permeabilidades relativas de cada meio\r\n\r\n//mi = [1 3];\r\n\r\n\r\n\r\n// Raio externo do condutor coaxial\r\n\r\n//c = 5;\r\n\r\n\r\nc = raiomaior;\r\n\r\n// Raio menor do condutor coaxial\r\n\r\n//a = 1;\r\na = raiomenor;\r\n\r\n\r\n\r\n// corrente total conduzida no cilindro\r\n\r\nI = 1;\r\n\r\n\r\n\r\n// Passo da variação do raio\r\n\r\nh1 = 0.05;\r\n\r\n\r\n\r\nb1 = a + h1;\r\n\r\nb2 = c;\r\n\r\nn = (b2-b1)/h1 + 1;\r\n\r\nresultado = 1:n;\r\n\r\nb_linha = b1;\r\n\r\nfor i=1:n\r\n\r\n  resultado(i) = indutancia2(N, mi, [b_linha c], I, a, b_linha);\r\n\r\n  b_linha = b_linha + h1;\r\n\r\nend\r\n\r\n\r\n\r\nx=b1:h1:b2;\r\n\r\nplot(x,resultado);\r\n	h1: 0.05\r\nraiomenor: 1\r\nraiomaior: 5\r\nmi: [1, 3]	t	2007-11-21 10:52:30.606955	2007-11-21 10:53:35.429976	grafico
7	1	indutancia_mutua	Programa para calcular indutância mútua entre uma bobina retangular no plano yz e uma linha infinita no eixo z.	// Programa para calcular indutância mútua entre uma bobina retangular no plano yz e uma linha infinita no eixo z\r\n\r\n\r\n// Vetor de variação da bobina no eixo y\r\n\r\n//var_y = [1 4];\r\n\r\n\r\n\r\n// Vetor de variação da bobina no eixo x\r\n\r\n//var_z = [0 1];\r\n\r\n\r\n\r\n// Número de espiras na bobina\r\n\r\n//N = 150;\r\n\r\n\r\n\r\n// Corrente que passa no filamento no eixo  z\r\n\r\n//I = 1;\r\n\r\n\r\n\r\n// Permissividade do meio\r\n\r\nmi0 = 4*%pi*10^(-7);\r\n\r\n\r\n\r\n// Transformando para micro\r\n\r\nmi0 = mi0 * 10^6;\r\n\r\n\r\n\r\n// Campo da linha infinita na bobina\r\n\r\nfunction y=f(a),y=-I/(2*%pi*a),endfunction;\r\n\r\n\r\n\r\ny1 = var_y(1);\r\n\r\ny2 = var_y(2);\r\n\r\nz1 = var_z(1);\r\n\r\nz2 = var_z(2);\r\n\r\n\r\n\r\n// passo da integração por simpson para achar o fluxo do filamento de corrente na bobina\r\n\r\nh = 0.1;\r\n\r\n\r\n\r\nn = (y2-y1)/h;\r\n\r\n\r\n\r\ny1_linha = y1;\r\n\r\ny2_linha = y1 + h;\r\n\r\nresultado = 0;\r\n\r\n\r\n\r\nfor i=1:n\r\n\r\n  resultado = resultado + ((y2_linha - y1_linha)/6) * (f(y1_linha) + 4*f((((y1_linha + y2_linha)/2))) + f(y2_linha));\r\n\r\n  y1_linha = y2_linha;\r\n\r\n  y2_linha = y2_linha + h;\r\n\r\nend\r\n\r\n\r\n\r\nresultado = -resultado * (z2-z1) * mi0;\r\n\r\n\r\n"Indutância Mútua (uH):"\r\nN * resultado / I	var_y: [1, 3]\r\nvar_z: [0, 1]\r\nN: 150\r\nI: 1	t	2007-11-21 10:56:42.032745	2007-11-21 11:00:11.137104	numerico
8	1	energia_e_indutancia	Calcula a energia e indutância de um sistema como o do Problema 9.35 do Hayt.	// Calcula a energia e indutância de um sistema como o do Problema 9.35 do Hayt\r\n// Campo magnético criado pelo sistema: H = I/(2*pi*r*sin(teta)) na direção de afi\r\n\r\n\r\n\r\n// Vetor com os ângulos teta (em graus) dos cones - tem que ser suplementares\r\n\r\n//teta = [21 159];\r\n\r\n\r\n\r\n// Corrente I que passa nos cones\r\n\r\n//I = 40;\r\n\r\n\r\n\r\n// Raio da superfície esférica condutora\r\n\r\n//r = 0.25;\r\n\r\n\r\n\r\n// Permissividade do meio\r\n\r\nmi = 4*%pi*10^(-7);\r\n\r\n\r\n\r\n// Convertendo para micro\r\n\r\nmi = mi * 10^6;\r\n\r\n\r\n\r\n// Transformando os valores de teta para radianos\r\n\r\nteta(1) = teta(1)*%pi/180;\r\n\r\nteta(2) = teta(2)*%pi/180;\r\n\r\n\r\n\r\n// Passo da integração\r\n\r\n//h=0.1;\r\n\r\n\r\n\r\n// A função que será integrada é 0.5*mi*H^2*r^2*sin(teta)*dr*dfi*dteta\r\n\r\n// Isso resulta em mi*I^2/(4*pi^2*sin(teta))*dr*dfi*dteta, que resulta em\r\n\r\nfunction y=f(a),y=0.5*mi*r*I^2/(2*%pi*sin(a)),endfunction;\r\n\r\n\r\n\r\n\r\n\r\n// Número de iterações na integral de Simpson\r\n\r\nk = (teta(2) - teta(1))/h + 1;\r\n\r\n\r\n\r\nteta1_linha = teta(1);\r\n\r\nteta2_linha = teta(1) + h;\r\n\r\n\r\n\r\n// Integral pelo método de Simpson em teta\r\n\r\nenergia = 0;\r\n\r\nfor i=1:k\r\n\r\n  energia = energia + ((teta2_linha - teta1_linha)/6) * (f(teta1_linha) + 4*f((((teta1_linha + teta2_linha)/2))) + f(teta2_linha));\r\n\r\n  teta1_linha = teta2_linha;\r\n\r\n  teta2_linha = teta2_linha + h;\r\n\r\nend\r\n\r\n\r\n\r\nindutancia = 2*energia/I^2;\r\n\r\n\r\n\r\nenergia\r\n\r\nindutancia\r\n\r\n	teta: [21, 159]\r\nI: 40\r\nr: 0.25\r\nh: 0.05	t	2007-11-21 11:03:57.059487	2007-11-21 11:13:01.372295	numerico
9	1	amplitude_campo_magnetico	Programa que calcula a intensidade do campo magnético para filamentos de corrente na direção az\r\n	//Programa que calcula a intensidade do campo magnético para filamentos de corrente na direção az\r\n\r\n\r\n\r\n//Numero de filamentos\r\n\r\nn = 2;\r\n\r\n\r\n\r\n//Passo\r\n\r\nh = 0.15;\r\n\r\n\r\n\r\n//Comprimento do eixo x, que será simétrico à 0\r\n\r\ncomp_x = 4;\r\n\r\n\r\n\r\n//Comprimento do eixo y, que será simétrico à 0\r\n\r\ncomp_y = 4;\r\n\r\n\r\n\r\n//Número de pontos no eixo x\r\n\r\nnx = comp_x/h + 1;\r\n\r\n\r\n\r\n//Número de pontos no eixo y\r\n\r\nny = comp_y/h + 1;\r\n\r\n\r\n\r\n//Eixo x\r\n\r\nx = -comp_x/2:h:comp_x/2;\r\n\r\n\r\n\r\n//Eixo y\r\n\r\ny = -comp_y/2:h:comp_y/2;\r\n\r\n\r\n\r\n//Correntes (em Amperes) \r\n\r\nI = zeros(n);\r\n\r\nI(1) = 25;\r\n\r\nI(2) = -25;\r\n\r\n\r\n\r\n//Sentido das correntes\r\n\r\naz = zeros(n);\r\n\r\naz(1) = 1;\r\n\r\naz(2) = 1;\r\n\r\n\r\n\r\n//Comprimento do fio no eixo z\r\n\r\nd = 8;\r\n\r\n\r\n\r\n//Posições dos filamentos de corrente\r\n\r\nP0x = zeros(n);\r\n\r\nP0y = zeros(n);\r\n\r\n\r\n\r\nP0x(1) = 0;\r\n\r\nP0x(2) = 0;\r\n\r\n\r\n\r\nP0y(1) = 1;\r\n\r\nP0y(2) = -1;\r\n\r\n\r\n\r\n//Definindo as matrizes que terão o campo magnético em cada direção \r\n\r\ncomponenteax = zeros(nx, ny);\r\n\r\ncomponenteay = zeros(nx, ny);\r\n\r\n\r\n\r\n//Definindo a matriz que conterá o resultado da intensidade do campo magnético\r\n\r\nresultado = zeros(nx, ny);\r\n\r\n\r\n\r\n//Calculando a intensidade do campo magnético\r\n\r\nfor k = 1:n  //Para todas as correntes\r\n\r\n   //Em todos os pontos do gráfico\r\n\r\n   for i = 1:nx\r\n\r\n      for j = 1:ny\r\n\r\n      \r\n\r\n         //Caso o raio seja zero, não calcular\r\n\r\n         if ((x(i) - P0x(k))==0 & (y(j) - P0y(k))==0 )\r\n\r\n           continue;\r\n\r\n         end;\r\n\r\n         //Realizando o produto vetorial\r\n\r\n         [a, b, c] = prod_vet3(0, 0, az(k), x(i) - P0x(k), y(j) - P0y(k), 0);\r\n\r\n      \r\n\r\n         componenteax(i, j) = componenteax(i, j) + Integral_em_x(-d/2, d/2, I(k), a, x(i), y(j), P0x(k), P0y(k));\r\n\r\n         componenteay(i, j) = componenteay(i, j) + Integral_em_y(-d/2, d/2, I(k), b, x(i), y(j), P0x(k), P0y(k));\r\n\r\n      \r\n\r\n         end\r\n\r\n      end\r\n\r\n   end\r\n\r\n\r\n\r\n//Calculando a amplitude\r\n\r\nfor i = 1:nx\r\n\r\n   for j = 1:ny\r\n\r\n   \r\n\r\n       resultado(i, j) = ( (componenteax(i, j)^2) + (componenteay(i, j)^2) )^0.5;\r\n\r\n      \r\n\r\n      end\r\n\r\n   end\r\n\r\n\r\n\r\n//Ponto que servirá de centro da função champ\r\n\r\nP0x_medio = 0;\r\n\r\nP0y_medio = 0;\r\n\r\n\r\n\r\n//Calculando o ponto central como a média de todos os pontos das correntes\r\n\r\nfor i = 1:n\r\n\r\n\r\n\r\n   P0x_medio = P0x_medio + P0x(i);\r\n\r\n   P0y_medio = P0y_medio + P0y(i);\r\n\r\n   \r\n\r\n   end\r\n\r\n   \r\n\r\nP0x_medio = P0x_medio/n;\r\n\r\nP0y_medio = P0y_medio/n;\r\n\r\n\r\n\r\n//Mostrando o resultado\r\n\r\nchamp(x, y, componenteax, componenteay, 3, [P0x_medio - 2, P0y_medio - 2, P0x_medio + 2, P0y_medio + 2]);\r\n\r\n//plot3d (x, y, resultado);\r\n\r\n//contour(x, y, resultado, 5);\r\n	x: 1	t	2007-11-21 13:12:26.932392	2007-11-21 13:19:31.166378	grafico
10	1	problema_9.8	problema_9.8	//Problema 9.8\r\n\r\n\r\n\r\n//Passo no eixo x\r\n\r\n//h_x = 1;\r\n\r\n\r\n\r\n//Número de pontos no eixo x a serem calculadas as forças a fim de gerar o gráfico de x=0 a x=10\r\n\r\nk = 10/h_x + 1;\r\n\r\n\r\n\r\n//Numero de filamentos que produzirão a força magnético em um outro filamento\r\n\r\nn = 2;\r\n\r\n\r\n\r\n//"Tamanho" da linha - de d1 à d2\r\n\r\nd1 = -100;\r\n\r\nd2 = 100;\r\n\r\n\r\n\r\n//Mi\r\n\r\nMi = 4 * %pi * (10)^(1);  //Convertido para nano\r\n\r\n\r\n\r\n//Definindo as matrizes para caracterizar as correntes que produzirão a força\r\n\r\nI1 = zeros(n);  //Vetor com o valor da intensidade das correntes\r\n\r\nP0x = zeros(n);  //Vetor com n pontos na coordenada x onde uma determinada corrente passa\r\n\r\nP0y = zeros(n);  //Vetor com n pontos na coordenada y onde uma determinada corrente passa\r\n\r\nP0z = zeros(n);  //Vetor com n pontos na coordenada z onde uma determinada corrente passa\r\n\r\ndirecao1 = zeros(n, 3);  //Vetor com a direção das correntes\r\n\r\n                         //direcao1(n, 1) - direção ax\r\n\r\n                         //direcao1(n, 2) - direção ay\r\n\r\n                         //direcao1(n, 3) - direção az\r\n\r\n\r\n\r\n//Definindo os filamentos de corrente\r\n\r\nI1(1) = -25;\r\n\r\nP0x(1) = 0;\r\n\r\nP0y(1) = -1;\r\n\r\nP0z(1) = 0;\r\n\r\ndirecao1(1, 1) = 0;\r\n\r\ndirecao1(1, 2) = 0;\r\n\r\ndirecao1(1, 3) = 1;\r\n\r\n\r\n\r\nI1(2) = 25;\r\n\r\nP0x(2) = 0;\r\n\r\nP0y(2) = 1;\r\n\r\nP0z(2) = 0;\r\n\r\ndirecao1(2, 1) = 0;\r\n\r\ndirecao1(2, 2) = 0;\r\n\r\ndirecao1(2, 3) = 1;\r\n\r\n\r\n\r\n//Filamento no qual será calculado a força magnética\r\n\r\nI2 = (10)^(-3);\r\n\r\nP1x = 0;  //Ponto na coordenada x que o fio passa\r\n\r\nP1y = 0;  //Ponto na coordenada y que o fio passa\r\n\r\nP1z = 0;  //Ponto na coordenada z que o fio passa\r\n\r\nd_min = 0;  //Valor mínimo do intervalo do fio\r\n\r\nd_max = 1;  //Valor máximo do intervalo do fio\r\n\r\ndirecao2 = zeros(3);  //Vetor direção da corrente\r\n\r\ndirecao2(1) = 0;  //Direção ax\r\n\r\ndirecao2(2) = 0;  //Direção ay\r\n\r\ndirecao2(3) = 1;  //Direção az\r\n\r\n\r\n\r\n//Definindo o passo de integração da força\r\n\r\nh = 0.25;\r\n\r\n\r\n\r\n//Calculando o número de segmentos em que foi divido a corrente onde será calculada a força\r\n\r\nqtd = (d_max - d_min)/h;\r\n\r\n\r\n\r\n//Criaremos uma variável que será a posição sobre a corrente (na qual se está calculando a força) após cada iteração\r\n\r\ndelta = d_min;\r\n\r\n\r\n\r\n//Vetores de resultado para o campo magnetico em cada direção para cada filamento\r\n\r\nhx = zeros(n);\r\n\r\nhy = zeros(n);\r\n\r\nhz = zeros(n);\r\n\r\n\r\n\r\n//Vetores com a força magnética em cada ponto do eixo x\r\n\r\nf_por_ponto_x = zeros(k);\r\n\r\nf_por_ponto_y = zeros(k);\r\n\r\nf_por_ponto_z = zeros(k);\r\n\r\n\r\n\r\n//Calculando a força magética em cada ponto do eixo x\r\n\r\nfor m = 1:k\r\n\r\n\r\n\r\n//Força nos eixos\r\n\r\nforcax = 0;\r\n\r\nforcay = 0;\r\n\r\nforcaz = 0;\r\n\r\n\r\n\r\n//Calculando em cada ponto do filamento de corrente finito\r\n\r\nfor w = 1:qtd\r\n\r\n   //Calculando o campo magnético gerado pelas n linhas de correntes\r\n\r\n   for i = 1:n\r\n\r\n  \r\n\r\n  //Caso o filamento de corrente onde vai ser calculado a força tem direção ax\r\n\r\n  if( direcao2(1) == 1 | direcao2(1) == -1)\r\n\r\n  \r\n\r\n     //Caso a distancia seja 0, não calcular\r\n\r\n      if( (delta - P0x(i))==0 & (P1y - P0y(i))==0 & (P1z - P0z(i))==0 )\r\n\r\n         continue;\r\n\r\n      end;\r\n\r\n      \r\n\r\n     //Realizando o produto vetorial entre a direção da corrente que gera o campo e o vetor posição, para cálculo do campo magnético\r\n\r\n     [a b c] = prod_vet3( direcao1(i, 1), direcao1(i, 2), direcao1(i, 3), delta - P0x(i), P1y - P0y(i), P1z - P0z(i) );\r\n\r\n  \r\n\r\n     //Caso a integração da corrente que gera o campo seja em dx\r\n\r\n     if( direcao1(i, 1) == 1 | direcao1(i, 1) == -1)\r\n\r\n  \r\n\r\n        hx(i) = Integrando_em_x( d1, d2, I1(i), a, delta, P1y, P1z, P0y(i), P0z(i) );\r\n\r\n        hy(i) = Integrando_em_x( d1, d2, I1(i), b, delta, P1y, P1z, P0y(i), P0z(i) );\r\n\r\n        hz(i) = Integrando_em_x( d1, d2, I1(i), c, delta, P1y, P1z, P0y(i), P0z(i) );\r\n\r\n\r\n\r\n         end\r\n\r\n      \r\n\r\n      //Caso a integração da corrente que gera o campo seja em dy\r\n\r\n      if( direcao1(i, 2) == 1 | direcao1(i, 2) == -1)\r\n\r\n  \r\n\r\n        hx(i) = Integrando_em_y( d1, d2, I1(i), a, delta, P1y, P1z, P0x(i), P0z(i) );\r\n\r\n        hy(i) = Integrando_em_y( d1, d2, I1(i), b, delta, P1y, P1z, P0x(i), P0z(i) );\r\n\r\n        hz(i) = Integrando_em_y( d1, d2, I1(i), c, delta, P1y, P1z, P0x(i), P0z(i) );\r\n\r\n\r\n\r\n         end\r\n\r\n      \r\n\r\n      //Caso a integração da corrente que gera o campo seja em dz\r\n\r\n      if( direcao1(i, 3) == 1 | direcao1(i, 3) == -1)\r\n\r\n  \r\n\r\n        hx(i) = Integrando_em_z( d1, d2, I1(i), a, delta, P1y, P1z, P0x(i), P0y(i) );\r\n\r\n        hy(i) = Integrando_em_z( d1, d2, I1(i), b, delta, P1y, P1z, P0x(i), P0y(i) );\r\n\r\n        hz(i) = Integrando_em_z( d1, d2, I1(i), c, delta, P1y, P1z, P0x(i), P0y(i) );\r\n\r\n\r\n\r\n         end\r\n\r\n  \r\n\r\n      end\r\n\r\n   \r\n\r\n   //Caso o filamento de corrente onde vai ser calculado a força tem direção ay\r\n\r\n   if( direcao2(2) == 1 | direcao2(2) == -1)\r\n\r\n  \r\n\r\n      //Caso a distancia seja 0, não calcular\r\n\r\n      if( (P1x - P0x(i))==0 & (delta - P0y(i))==0 & (P1z - P0z(i))==0 )\r\n\r\n         continue;\r\n\r\n      end;\r\n\r\n  \r\n\r\n      //Realizando o produto vetorial entre a direção da corrente que gera o campo e o vetor posição, para cálculo do campo magnético\r\n\r\n      [a b c] = prod_vet3( direcao1(i, 1), direcao1(i, 2), direcao1(i, 3), P1x - P0x(i), delta - P0y(i), P1z - P0z(i));\r\n\r\n      \r\n\r\n      //Caso a integração da corrente que gera o campo seja em dx\r\n\r\n      if( direcao1(i, 1) == 1 | direcao1(i, 1) == -1)\r\n\r\n  \r\n\r\n         hx(i) = Integrando_em_x( d1, d2, I1(i), a, P1x, delta, P1z, P0y(i), P0z(i) );\r\n\r\n         hy(i) = Integrando_em_x( d1, d2, I1(i), b, P1x, delta, P1z, P0y(i), P0z(i) );\r\n\r\n         hz(i) = Integrando_em_x( d1, d2, I1(i), c, P1x, delta, P1z, P0y(i), P0z(i) );\r\n\r\n\r\n\r\n          end\r\n\r\n       //Caso a integração da corrente que gera o campo seja em dy\r\n\r\n       if( direcao1(i, 2) == 1 | direcao1(i, 2) == -1)\r\n\r\n  \r\n\r\n         hx(i) = Integrando_em_y( d1, d2, I1(i), a, P1x, delta, P1z, P0x(i), P0z(i) );\r\n\r\n         hy(i) = Integrando_em_y( d1, d2, I1(i), b, P1x, delta, P1z, P0x(i), P0z(i) );\r\n\r\n         hz(i) = Integrando_em_y( d1, d2, I1(i), c, P1x, delta, P1z, P0x(i), P0z(i) );\r\n\r\n\r\n\r\n          end\r\n\r\n       //Caso a integração da corrente que gera o campo seja em dy\r\n\r\n       if( direcao1(i, 3) == 1 | direcao1(i, 3) == -1)\r\n\r\n  \r\n\r\n         hx(i) = Integrando_em_z( d1, d2, I1(i), a, P1x, delta, P1z, P0x(i), P0y(i) );\r\n\r\n         hy(i) = Integrando_em_z( d1, d2, I1(i), b, P1x, delta, P1z, P0x(i), P0y(i) );\r\n\r\n         hz(i) = Integrando_em_z( d1, d2, I1(i), c, P1x, delta, P1z, P0x(i), P0y(i) );\r\n\r\n\r\n\r\n          end\r\n\r\n  \r\n\r\n       end\r\n\r\n\r\n\r\n  //Caso o filamento de corrente onde vai ser calculado a força tem direção az\r\n\r\n  if( direcao2(3) == 1 | direcao2(3) == -1)\r\n\r\n  \r\n\r\n      //Caso a distancia seja 0, não calcular\r\n\r\n      if( (P1x - P0x(i))==0 & (P1y - P0y(i))==0 & (delta- P0z(i))==0 )\r\n\r\n         continue;\r\n\r\n      end;\r\n\r\n  \r\n\r\n      //Realizando o produto vetorial entre a direção da corrente que gera o campo e o vetor posição, para cálculo do campo magnético\r\n\r\n      [a b c] = prod_vet3( direcao1(i, 1), direcao1(i, 2), direcao1(i, 3), P1x - P0x(i), P1y - P0y(i), delta - P0z(i));\r\n\r\n      \r\n\r\n      //Caso a integração da corrente que gera o campo seja em dx\r\n\r\n      if( direcao1(i, 1) == 1 | direcao1(i, 1) == -1)\r\n\r\n  \r\n\r\n         hx(i) = Integrando_em_x( d1, d2, I1(i), a, P1x, P1y, delta, P0y(i), P0z(i) );\r\n\r\n         hy(i) = Integrando_em_x( d1, d2, I1(i), b, P1x, P1y, delta, P0y(i), P0z(i) );\r\n\r\n         hz(i) = Integrando_em_x( d1, d2, I1(i), c, P1x, P1y, delta, P0y(i), P0z(i) );\r\n\r\n\r\n\r\n         end   \r\n\r\n       \r\n\r\n       //Caso a integração da corrente que gera o campo seja em dy\r\n\r\n       if( direcao1(i, 2) == 1 | direcao1(i, 2) == -1)\r\n\r\n  \r\n\r\n         hx(i) = Integrando_em_y( d1, d2, I1(i), a, P1x, P1y, delta, P0x(i), P0z(i) );\r\n\r\n         hy(i) = Integrando_em_y( d1, d2, I1(i), b, P1x, P1y, delta, P0x(i), P0z(i) );\r\n\r\n         hz(i) = Integrando_em_y( d1, d2, I1(i), c, P1x, P1y, delta, P0x(i), P0z(i) );\r\n\r\n\r\n\r\n         end\r\n\r\n       \r\n\r\n       //Caso a integração da corrente que gera o campo seja em dz\r\n\r\n       if( direcao1(i, 3) == 1 | direcao1(i, 3) == -1)\r\n\r\n  \r\n\r\n         hx(i) = Integrando_em_z( d1, d2, I1(i), a, P1x, P1y, delta, P0x(i), P0y(i) );\r\n\r\n         hy(i) = Integrando_em_z( d1, d2, I1(i), b, P1x, P1y, delta, P0x(i), P0y(i) );\r\n\r\n         hz(i) = Integrando_em_z( d1, d2, I1(i), c, P1x, P1y, delta, P0x(i), P0y(i) );\r\n\r\n\r\n\r\n         end\r\n\r\n  \r\n\r\n      end\r\n\r\n   \r\n\r\n   end\r\n\r\n\r\n\r\n   //Resultado do campo total naquele ponto\r\n\r\n   Campo_em_x = 0;\r\n\r\n   Campo_em_y = 0;\r\n\r\n   Campo_em_z = 0;\r\n\r\n   \r\n\r\n   //Calculando o campo total produzido naquele ponto por todos os filamentos de corrente\r\n\r\n   for i= 1:n\r\n\r\n\r\n\r\n      Campo_em_x = Campo_em_x + hx(i);\r\n\r\n      Campo_em_y = Campo_em_y + hy(i);\r\n\r\n      Campo_em_z = Campo_em_z + hz(i);\r\n\r\n   \r\n\r\n      end\r\n\r\n\r\n\r\n   //Definindo a densidade de fluxo magnético\r\n\r\n   bx = Campo_em_x * Mi;\r\n\r\n   by = Campo_em_y * Mi;\r\n\r\n   bz = Campo_em_z * Mi;\r\n\r\n\r\n\r\n   //Calculando a força\r\n\r\n   [BdL1 BdL2 BdL3] = prod_vet3(direcao2(1), direcao2(2), direcao2(3), bx, by, bz);\r\n\r\n   forcax = forcax + I2 * BdL1;\r\n\r\n   forcay = forcay + I2 * BdL2;\r\n\r\n   forcaz = forcaz + I2 * BdL3;\r\n\r\n\r\n\r\n   //Incrementando o ponto do filamento de corrente no qual está sendo calculado a força\r\n\r\n   delta = d_min + h*w;\r\n\r\n\r\n\r\nend\r\n\r\n\r\n\r\n//Parametrizando\r\n\r\nforcax = forcax/(0.1/h);\r\n\r\nforcay = forcay/(0.1/h);\r\n\r\nforcaz = forcaz/(0.1/h);\r\n\r\n\r\n\r\n//Guardando o resultado de cada ponto\r\n\r\nf_por_ponto_x(m) = forcax;\r\n\r\nf_por_ponto_y(m) = forcay;\r\n\r\nf_por_ponto_z(m) = forcaz;\r\n\r\n\r\n\r\n//Atualizando o ponto do eixo x\r\n\r\nP1x = h_x * m;\r\n\r\n\r\n\r\nend\r\n\r\n\r\n\r\n//Calculando a tabela com os resultados e mostrando-a\r\n\r\ntabela = zeros(k, 2);\r\n\r\n\r\n\r\nfor i = 1:k\r\n\r\n\r\n\r\n   tabela(i, 1) = h_x * (i - 1);  //Colocando os respectivos pontos do eixo x\r\n\r\n   tabela(i, 2) = f_por_ponto_y(i);  //Colocando o valor da força\r\n\r\n   \r\n\r\n   end\r\n\r\n"Ponto k    Força (nN)"\r\n\r\n[tabela]\r\n\r\n\r\n\r\n//Plotando o resultado final\r\n\r\nplot(0:h_x:10, f_por_ponto_y);\r\n	h_x: 1	t	2007-11-21 13:22:40.98006	2007-11-21 13:22:40.98006	grafico
11	1	problema_9.13	Programa que clacula o torque produzido por n filamentos de corrente infinitos em um outro filamento de corrente.	//Programa que clacula o torque produzido por n filamentos de corrente infinitos em um outro filamento de corrente\r\n\r\n\r\n\r\n//Origem para o calculo do torque\r\n\r\n//o = [0 0 5];  //Coordenada [x y z] da origem\r\n\r\n\r\n\r\n//Numero de filamentos que produzirão a força magnético em um outro filamento\r\n\r\nn = 1;\r\n\r\n\r\n\r\n//"Tamanho" da linha - de d1 à d2\r\n\r\nd1 = -100;\r\n\r\nd2 = 100;\r\n\r\n\r\n\r\n//Mi\r\n\r\nMi = 4 * %pi * (10)^(1);\r\n\r\n\r\n\r\n//Definindo as matrizes para caracterizar as correntes que produzirão a força\r\n\r\nI1 = zeros(n);  //Vetor com o valor da intensidade das correntes\r\n\r\nP0x = zeros(n);  //Vetor com n pontos na coordenada x onde uma determinada corrente passa\r\n\r\nP0y = zeros(n);  //Vetor com n pontos na coordenada y onde uma determinada corrente passa\r\n\r\nP0z = zeros(n);  //Vetor com n pontos na coordenada z onde uma determinada corrente passa\r\n\r\ndirecao1 = zeros(n, 3);  //Vetor com a direção das correntes\r\n\r\n                         //direcao1(n, 1) - direção ax\r\n\r\n                         //direcao1(n, 2) - direção ay\r\n\r\n                         //direcao1(n, 3) - direção az\r\n\r\n\r\n\r\n//Definindo os filamentos de corrente\r\n\r\nI1(1) = 50;\r\n\r\nP0x(1) = 0;\r\n\r\nP0y(1) = 0;\r\n\r\nP0z(1) = 0;\r\n\r\ndirecao1(1, 1) = 0;\r\n\r\ndirecao1(1, 2) = 0;\r\n\r\ndirecao1(1, 3) = 1;\r\n\r\n\r\n\r\n//I1(2) = 25;\r\n\r\n//P0x(2) = 0;\r\n\r\n//P0y(2) = 0;\r\n\r\n//P0z(2) = 0;\r\n\r\n//direcao1(2, 1) = 0;\r\n\r\n//direcao1(2, 2) = 0;\r\n\r\n//direcao1(2, 3) = 1;\r\n\r\n\r\n\r\n\r\n\r\n//Filamento no qual será calculado a força magnética\r\n\r\nI2 = 6;  //Intensidade da corrente\r\n\r\nP1x = 2;  //Ponto na coordenada x que o fio passa\r\n\r\nP1y = 0;  //Ponto na coordenada y que o fio passa\r\n\r\nP1z = 5;  //Ponto na coordenada z que o fio passa\r\n\r\nd_min = 2;  //Valor mínimo do intervalo do fio\r\n\r\nd_max = 5;  //Valor máximo do intervalo do fio\r\n\r\ndirecao2 = zeros(3);  //Vetor direção da corrente\r\n\r\ndirecao2(1) = 1;  //Direção ax\r\n\r\ndirecao2(2) = 0;  //Direção ay\r\n\r\ndirecao2(3) = 0;  //Direção az\r\n\r\n\r\n\r\n//Definindo o passo de integração da força\r\n\r\nh = 0.25;\r\n\r\n\r\n\r\n//Calculando o número de segmentos em que foi divido a corrente onde será calculada a força\r\n\r\nqtd = (d_max - d_min)/h;\r\n\r\n\r\n\r\n//Criaremos uma variável que será a posição sobre a corrente (na qual se está calculando a força) após cada iteração\r\n\r\ndelta = d_min;\r\n\r\n\r\n\r\n//Vetores de resultado para o campo magnetico em cada direção para cada filamento\r\n\r\nhx = zeros(n);\r\n\r\nhy = zeros(n);\r\n\r\nhz = zeros(n);\r\n\r\n\r\n\r\n//Força nos eixos\r\n\r\nforcax = 0;\r\n\r\nforcay = 0;\r\n\r\nforcaz = 0;\r\n\r\n\r\n\r\n//Torque nos eixos\r\n\r\ntorque_x = 0;\r\n\r\ntorque_y = 0;\r\n\r\ntorque_z = 0;\r\n\r\n\r\n\r\n//Calculado sobre cada ponto do filamento de corrente finito\r\n\r\nfor w = 1:qtd\r\n\r\n   //Calculando o campo magnético gerado pelas n linhas de correntes\r\n\r\n   for i = 1:n\r\n\r\n  \r\n\r\n  //Caso o filamento de corrente onde vai ser calculado a força tem direção ax\r\n\r\n  if( direcao2(1) == 1 | direcao2(1) == -1)\r\n\r\n  \r\n\r\n     //Caso a distancia seja 0, não calcular\r\n\r\n      if( (delta - P0x(i))==0 & (P1y - P0y(i))==0 & (P1z - P0z(i))==0 )\r\n\r\n         continue;\r\n\r\n      end;\r\n\r\n      \r\n\r\n     //Realizando o produto vetorial entre a direção da corrente que gera o campo e o vetor posição, para cálculo do campo magnético\r\n\r\n     [a b c] = prod_vet3( direcao1(i, 1), direcao1(i, 2), direcao1(i, 3), delta - P0x(i), P1y - P0y(i), P1z - P0z(i) );\r\n\r\n  \r\n\r\n     //Caso a integração da corrente que gera o campo seja em dx\r\n\r\n     if( direcao1(i, 1) == 1 | direcao1(i, 1) == -1)\r\n\r\n  \r\n\r\n        hx(i) = Integrando_em_x( d1, d2, I1(i), a, delta, P1y, P1z, P0y(i), P0z(i) );\r\n\r\n        hy(i) = Integrando_em_x( d1, d2, I1(i), b, delta, P1y, P1z, P0y(i), P0z(i) );\r\n\r\n        hz(i) = Integrando_em_x( d1, d2, I1(i), c, delta, P1y, P1z, P0y(i), P0z(i) );\r\n\r\n\r\n\r\n         end\r\n\r\n      \r\n\r\n      //Caso a integração da corrente que gera o campo seja em dy\r\n\r\n      if( direcao1(i, 2) == 1 | direcao1(i, 2) == -1)\r\n\r\n  \r\n\r\n        hx(i) = Integrando_em_y( d1, d2, I1(i), a, delta, P1y, P1z, P0x(i), P0z(i) );\r\n\r\n        hy(i) = Integrando_em_y( d1, d2, I1(i), b, delta, P1y, P1z, P0x(i), P0z(i) );\r\n\r\n        hz(i) = Integrando_em_y( d1, d2, I1(i), c, delta, P1y, P1z, P0x(i), P0z(i) );\r\n\r\n\r\n\r\n         end\r\n\r\n      \r\n\r\n      //Caso a integração da corrente que gera o campo seja em dz\r\n\r\n      if( direcao1(i, 3) == 1 | direcao1(i, 3) == -1)\r\n\r\n  \r\n\r\n        hx(i) = Integrando_em_z( d1, d2, I1(i), a, delta, P1y, P1z, P0x(i), P0y(i) );\r\n\r\n        hy(i) = Integrando_em_z( d1, d2, I1(i), b, delta, P1y, P1z, P0x(i), P0y(i) );\r\n\r\n        hz(i) = Integrando_em_z( d1, d2, I1(i), c, delta, P1y, P1z, P0x(i), P0y(i) );\r\n\r\n\r\n\r\n         end\r\n\r\n  \r\n\r\n      end\r\n\r\n   \r\n\r\n   //Caso o filamento de corrente onde vai ser calculado a força tem direção ay\r\n\r\n   if( direcao2(2) == 1 | direcao2(2) == -1)\r\n\r\n  \r\n\r\n      //Caso a distancia seja 0, não calcular\r\n\r\n      if( (P1x - P0x(i))==0 & (delta - P0y(i))==0 & (P1z - P0z(i))==0 )\r\n\r\n         continue;\r\n\r\n      end;\r\n\r\n  \r\n\r\n      //Realizando o produto vetorial entre a direção da corrente que gera o campo e o vetor posição, para cálculo do campo magnético\r\n\r\n      [a b c] = prod_vet3( direcao1(i, 1), direcao1(i, 2), direcao1(i, 3), P1x - P0x(i), delta - P0y(i), P1z - P0z(i));\r\n\r\n      \r\n\r\n      //Caso a integração da corrente que gera o campo seja em dx\r\n\r\n      if( direcao1(i, 1) == 1 | direcao1(i, 1) == -1)\r\n\r\n  \r\n\r\n         hx(i) = Integrando_em_x( d1, d2, I1(i), a, P1x, delta, P1z, P0y(i), P0z(i) );\r\n\r\n         hy(i) = Integrando_em_x( d1, d2, I1(i), b, P1x, delta, P1z, P0y(i), P0z(i) );\r\n\r\n         hz(i) = Integrando_em_x( d1, d2, I1(i), c, P1x, delta, P1z, P0y(i), P0z(i) );\r\n\r\n\r\n\r\n          end\r\n\r\n       //Caso a integração da corrente que gera o campo seja em dy\r\n\r\n       if( direcao1(i, 2) == 1 | direcao1(i, 2) == -1)\r\n\r\n  \r\n\r\n         hx(i) = Integrando_em_y( d1, d2, I1(i), a, P1x, delta, P1z, P0x(i), P0z(i) );\r\n\r\n         hy(i) = Integrando_em_y( d1, d2, I1(i), b, P1x, delta, P1z, P0x(i), P0z(i) );\r\n\r\n         hz(i) = Integrando_em_y( d1, d2, I1(i), c, P1x, delta, P1z, P0x(i), P0z(i) );\r\n\r\n\r\n\r\n          end\r\n\r\n       //Caso a integração da corrente que gera o campo seja em dy\r\n\r\n       if( direcao1(i, 3) == 1 | direcao1(i, 3) == -1)\r\n\r\n  \r\n\r\n         hx(i) = Integrando_em_z( d1, d2, I1(i), a, P1x, delta, P1z, P0x(i), P0y(i) );\r\n\r\n         hy(i) = Integrando_em_z( d1, d2, I1(i), b, P1x, delta, P1z, P0x(i), P0y(i) );\r\n\r\n         hz(i) = Integrando_em_z( d1, d2, I1(i), c, P1x, delta, P1z, P0x(i), P0y(i) );\r\n\r\n\r\n\r\n          end\r\n\r\n  \r\n\r\n       end\r\n\r\n\r\n\r\n  //Caso o filamento de corrente onde vai ser calculado a força tem direção az\r\n\r\n  if( direcao2(3) == 1 | direcao2(3) == -1)\r\n\r\n  \r\n\r\n      //Caso a distancia seja 0, não calcular\r\n\r\n      if( (P1x - P0x(i))==0 & (P1y - P0y(i))==0 & (delta- P0z(i))==0 )\r\n\r\n         continue;\r\n\r\n      end;\r\n\r\n  \r\n\r\n      //Realizando o produto vetorial entre a direção da corrente que gera o campo e o vetor posição, para cálculo do campo magnético\r\n\r\n      [a b c] = prod_vet3( direcao1(i, 1), direcao1(i, 2), direcao1(i, 3), P1x - P0x(i), P1y - P0y(i), delta - P0z(i));\r\n\r\n      \r\n\r\n      //Caso a integração da corrente que gera o campo seja em dx\r\n\r\n      if( direcao1(i, 1) == 1 | direcao1(i, 1) == -1)\r\n\r\n  \r\n\r\n         hx(i) = Integrando_em_x( d1, d2, I1(i), a, P1x, P1y, delta, P0y(i), P0z(i) );\r\n\r\n         hy(i) = Integrando_em_x( d1, d2, I1(i), b, P1x, P1y, delta, P0y(i), P0z(i) );\r\n\r\n         hz(i) = Integrando_em_x( d1, d2, I1(i), c, P1x, P1y, delta, P0y(i), P0z(i) );\r\n\r\n\r\n\r\n         end   \r\n\r\n       \r\n\r\n       //Caso a integração da corrente que gera o campo seja em dy\r\n\r\n       if( direcao1(i, 2) == 1 | direcao1(i, 2) == -1)\r\n\r\n  \r\n\r\n         hx(i) = Integrando_em_y( d1, d2, I1(i), a, P1x, P1y, delta, P0x(i), P0z(i) );\r\n\r\n         hy(i) = Integrando_em_y( d1, d2, I1(i), b, P1x, P1y, delta, P0x(i), P0z(i) );\r\n\r\n         hz(i) = Integrando_em_y( d1, d2, I1(i), c, P1x, P1y, delta, P0x(i), P0z(i) );\r\n\r\n\r\n\r\n         end\r\n\r\n       \r\n\r\n       //Caso a integração da corrente que gera o campo seja em dz\r\n\r\n       if( direcao1(i, 3) == 1 | direcao1(i, 3) == -1)\r\n\r\n  \r\n\r\n         hx(i) = Integrando_em_z( d1, d2, I1(i), a, P1x, P1y, delta, P0x(i), P0y(i) );\r\n\r\n         hy(i) = Integrando_em_z( d1, d2, I1(i), b, P1x, P1y, delta, P0x(i), P0y(i) );\r\n\r\n         hz(i) = Integrando_em_z( d1, d2, I1(i), c, P1x, P1y, delta, P0x(i), P0y(i) );\r\n\r\n\r\n\r\n         end\r\n\r\n  \r\n\r\n      end\r\n\r\n   \r\n\r\n   end\r\n\r\n\r\n\r\n   //Resultado do campo total naquele ponto\r\n\r\n   Campo_em_x = 0;\r\n\r\n   Campo_em_y = 0;\r\n\r\n   Campo_em_z = 0;\r\n\r\n   \r\n\r\n   //Calculando o campo total produzido naquele ponto por todos os filamentos de corrente\r\n\r\n   for i= 1:n\r\n\r\n\r\n\r\n      Campo_em_x = Campo_em_x + hx(i);\r\n\r\n      Campo_em_y = Campo_em_y + hy(i);\r\n\r\n      Campo_em_z = Campo_em_z + hz(i);\r\n\r\n   \r\n\r\n      end\r\n\r\n\r\n\r\n   //Definindo a densidade de fluxo magnético\r\n\r\n   bx = Campo_em_x * Mi;\r\n\r\n   by = Campo_em_y * Mi;\r\n\r\n   bz = Campo_em_z * Mi;\r\n\r\n\r\n\r\n   //Calculando a força\r\n\r\n   [BdL1 BdL2 BdL3] = prod_vet3(direcao2(1), direcao2(2), direcao2(3), bx, by, bz);\r\n\r\n   forcax = I2 * BdL1;\r\n\r\n   forcay = I2 * BdL2;\r\n\r\n   forcaz = I2 * BdL3;\r\n\r\n   \r\n\r\n   //Calculando o torque\r\n\r\n   //Caso filamento de corrente sobre o qual se esta calculando o torque esteja na direção ax\r\n\r\n   if(direcao2(1) == 1 | direcao2(1) == -1)\r\n\r\n   \r\n\r\n      [tx ty tz] = prod_vet3(delta - o(1), P1y - o(2), P1z - o(3), forcax, forcay, forcaz);\r\n\r\n      torque_x = torque_x + tx;\r\n\r\n      torque_y = torque_y + ty;\r\n\r\n      torque_z = torque_z + tz;\r\n\r\n      \r\n\r\n      end\r\n\r\n      \r\n\r\n   //Caso filamento de corrente sobre o qual se esta calculando o torque esteja na direção ay\r\n\r\n   if(direcao2(2) == 1 | direcao2(2) == -1)\r\n\r\n   \r\n\r\n      [tx ty tz] = prod_vet3(P1x - o(1), delta - o(2), P1z - o(3), forcax, forcay, forcaz);\r\n\r\n      torque_x = torque_x + tx;\r\n\r\n      torque_y = torque_y + ty;\r\n\r\n      torque_z = torque_z + tz;\r\n\r\n      \r\n\r\n      end\r\n\r\n      \r\n\r\n   //Caso filamento de corrente sobre o qual se esta calculando o torque esteja na direção az\r\n\r\n   if(direcao2(3) == 1 | direcao2(3) == -1)\r\n\r\n   \r\n\r\n      [tx ty tz] = prod_vet3(P1x - o(1), P1y - o(2), delta - o(3), forcax, forcay, forcaz);\r\n\r\n      torque_x = torque_x + tx;\r\n\r\n      torque_y = torque_y + ty;\r\n\r\n      torque_z = torque_z + tz;\r\n\r\n      \r\n\r\n      end\r\n\r\n\r\n\r\n   //Incrementando o ponto do filamento de corrente no qual está sendo calculado a força\r\n\r\n   delta = d_min + h*w;\r\n\r\n\r\n\r\nend\r\n\r\n\r\n\r\n//Parametrizando\r\n\r\ntorque_x = torque_x/(0.1/h);\r\n\r\ntorque_y = torque_y/(0.1/h);\r\n\r\ntorque_z = torque_z/(0.1/h);\r\n\r\n\r\n\r\n//Mostrando o resultado\r\n\r\n"Origem"      \r\n\r\n[o]\r\n\r\n"Torque (MicroN * m)"\r\n\r\n[torque_x torque_y torque_z] * (10)^(-3)\r\n\r\n	o: [0, 0, 5]	t	2007-11-21 13:27:24.796364	2007-11-21 13:27:24.796364	numerico
12	1	problema_9.15	Programa que clacula o torque produzido por n filamentos de corrente infinitos em um outro filamento de corrente.	//Programa que clacula o torque produzido por n filamentos de corrente infinitos em um outro filamento de corrente\r\n\r\n\r\n\r\n//Origem para o calculo do torque\r\n\r\no = [0 2 0];  //Coordenada [x y z] da origem\r\n\r\n\r\n\r\n//Definindo o valor de b\r\n\r\n//B = 6;\r\n\r\n\r\n\r\n//Numero de filamentos que produzirão a força magnético em um outro filamento\r\n\r\nn = 1;\r\n\r\n\r\n\r\n//"Tamanho" da linha - de d1 à d2\r\n\r\nd1 = -100;\r\n\r\nd2 = 100;\r\n\r\n\r\n\r\n//Mi\r\n\r\nMi = 4 * %pi * (10)^(1);\r\n\r\n\r\n\r\n//Definindo as matrizes para caracterizar as correntes que produzirão a força\r\n\r\nI1 = zeros(n);  //Vetor com o valor da intensidade das correntes\r\n\r\nP0x = zeros(n);  //Vetor com n pontos na coordenada x onde uma determinada corrente passa\r\n\r\nP0y = zeros(n);  //Vetor com n pontos na coordenada y onde uma determinada corrente passa\r\n\r\nP0z = zeros(n);  //Vetor com n pontos na coordenada z onde uma determinada corrente passa\r\n\r\ndirecao1 = zeros(n, 3);  //Vetor com a direção das correntes\r\n\r\n                         //direcao1(n, 1) - direção ax\r\n\r\n                         //direcao1(n, 2) - direção ay\r\n\r\n                         //direcao1(n, 3) - direção az\r\n\r\n\r\n\r\n//Definindo os filamentos de corrente\r\n\r\nI1(1) = 5;\r\n\r\nP0x(1) = 0;\r\n\r\nP0y(1) = 0;\r\n\r\nP0z(1) = 0;\r\n\r\ndirecao1(1, 1) = 0;\r\n\r\ndirecao1(1, 2) = 0;\r\n\r\ndirecao1(1, 3) = 1;\r\n\r\n\r\n\r\n//I1(2) = 25;\r\n\r\n//P0x(2) = 0;\r\n\r\n//P0y(2) = 0;\r\n\r\n//P0z(2) = 0;\r\n\r\n//direcao1(2, 1) = 0;\r\n\r\n//direcao1(2, 2) = 0;\r\n\r\n//direcao1(2, 3) = 1;\r\n\r\n\r\n\r\n\r\n\r\n//Filamento no qual será calculado a força magnética\r\n\r\nI2 = 3;  //Intensidade da corrente\r\n\r\nP1x = 0;  //Ponto na coordenada x que o fio passa\r\n\r\nP1y = 2;  //Ponto na coordenada y que o fio passa\r\n\r\nP1z = 0;  //Ponto na coordenada z que o fio passa\r\n\r\nd_min = -B;  //Valor mínimo do intervalo do fio\r\n\r\nd_max = B;  //Valor máximo do intervalo do fio\r\n\r\ndirecao2 = zeros(3);  //Vetor direção da corrente\r\n\r\ndirecao2(1) = 1;  //Direção ax\r\n\r\ndirecao2(2) = 0;  //Direção ay\r\n\r\ndirecao2(3) = 0;  //Direção az\r\n\r\n\r\n\r\n//Definindo o passo de integração da força\r\n\r\nh = 0.2;\r\n\r\n\r\n\r\n//Calculando o número de segmentos em que foi divido a corrente onde será calculada a força\r\n\r\nqtd = (d_max - d_min)/h;\r\n\r\n\r\n\r\n//Criaremos uma variável que será a posição sobre a corrente (na qual se está calculando a força) após cada iteração\r\n\r\ndelta = d_min;\r\n\r\n\r\n\r\n//Vetores de resultado para o campo magnetico em cada direção para cada filamento\r\n\r\nhx = zeros(n);\r\n\r\nhy = zeros(n);\r\n\r\nhz = zeros(n);\r\n\r\n\r\n\r\n//Força nos eixos\r\n\r\nforcax = 0;\r\n\r\nforcay = 0;\r\n\r\nforcaz = 0;\r\n\r\n\r\n\r\n//Torque nos eixos\r\n\r\ntorque_x = 0;\r\n\r\ntorque_y = 0;\r\n\r\ntorque_z = 0;\r\n\r\n\r\n\r\n//Calculado sobre cada ponto do filamento de corrente finito\r\n\r\nfor w = 1:qtd\r\n\r\n   //Calculando o campo magnético gerado pelas n linhas de correntes\r\n\r\n   for i = 1:n\r\n\r\n  \r\n\r\n  //Caso o filamento de corrente onde vai ser calculado a força tem direção ax\r\n\r\n  if( direcao2(1) == 1 | direcao2(1) == -1)\r\n\r\n  \r\n\r\n     //Caso a distancia seja 0, não calcular\r\n\r\n      if( (delta - P0x(i))==0 & (P1y - P0y(i))==0 & (P1z - P0z(i))==0 )\r\n\r\n         continue;\r\n\r\n      end;\r\n\r\n      \r\n\r\n     //Realizando o produto vetorial entre a direção da corrente que gera o campo e o vetor posição, para cálculo do campo magnético\r\n\r\n     [a b c] = prod_vet3( direcao1(i, 1), direcao1(i, 2), direcao1(i, 3), delta - P0x(i), P1y - P0y(i), P1z - P0z(i) );\r\n\r\n  \r\n\r\n     //Caso a integração da corrente que gera o campo seja em dx\r\n\r\n     if( direcao1(i, 1) == 1 | direcao1(i, 1) == -1)\r\n\r\n  \r\n\r\n        hx(i) = Integrando_em_x( d1, d2, I1(i), a, delta, P1y, P1z, P0y(i), P0z(i) );\r\n\r\n        hy(i) = Integrando_em_x( d1, d2, I1(i), b, delta, P1y, P1z, P0y(i), P0z(i) );\r\n\r\n        hz(i) = Integrando_em_x( d1, d2, I1(i), c, delta, P1y, P1z, P0y(i), P0z(i) );\r\n\r\n\r\n\r\n         end\r\n\r\n      \r\n\r\n      //Caso a integração da corrente que gera o campo seja em dy\r\n\r\n      if( direcao1(i, 2) == 1 | direcao1(i, 2) == -1)\r\n\r\n  \r\n\r\n        hx(i) = Integrando_em_y( d1, d2, I1(i), a, delta, P1y, P1z, P0x(i), P0z(i) );\r\n\r\n        hy(i) = Integrando_em_y( d1, d2, I1(i), b, delta, P1y, P1z, P0x(i), P0z(i) );\r\n\r\n        hz(i) = Integrando_em_y( d1, d2, I1(i), c, delta, P1y, P1z, P0x(i), P0z(i) );\r\n\r\n\r\n\r\n         end\r\n\r\n      \r\n\r\n      //Caso a integração da corrente que gera o campo seja em dz\r\n\r\n      if( direcao1(i, 3) == 1 | direcao1(i, 3) == -1)\r\n\r\n  \r\n\r\n        hx(i) = Integrando_em_z( d1, d2, I1(i), a, delta, P1y, P1z, P0x(i), P0y(i) );\r\n\r\n        hy(i) = Integrando_em_z( d1, d2, I1(i), b, delta, P1y, P1z, P0x(i), P0y(i) );\r\n\r\n        hz(i) = Integrando_em_z( d1, d2, I1(i), c, delta, P1y, P1z, P0x(i), P0y(i) );\r\n\r\n\r\n\r\n         end\r\n\r\n  \r\n\r\n      end\r\n\r\n   \r\n\r\n   //Caso o filamento de corrente onde vai ser calculado a força tem direção ay\r\n\r\n   if( direcao2(2) == 1 | direcao2(2) == -1)\r\n\r\n  \r\n\r\n      //Caso a distancia seja 0, não calcular\r\n\r\n      if( (P1x - P0x(i))==0 & (delta - P0y(i))==0 & (P1z - P0z(i))==0 )\r\n\r\n         continue;\r\n\r\n      end;\r\n\r\n  \r\n\r\n      //Realizando o produto vetorial entre a direção da corrente que gera o campo e o vetor posição, para cálculo do campo magnético\r\n\r\n      [a b c] = prod_vet3( direcao1(i, 1), direcao1(i, 2), direcao1(i, 3), P1x - P0x(i), delta - P0y(i), P1z - P0z(i));\r\n\r\n      \r\n\r\n      //Caso a integração da corrente que gera o campo seja em dx\r\n\r\n      if( direcao1(i, 1) == 1 | direcao1(i, 1) == -1)\r\n\r\n  \r\n\r\n         hx(i) = Integrando_em_x( d1, d2, I1(i), a, P1x, delta, P1z, P0y(i), P0z(i) );\r\n\r\n         hy(i) = Integrando_em_x( d1, d2, I1(i), b, P1x, delta, P1z, P0y(i), P0z(i) );\r\n\r\n         hz(i) = Integrando_em_x( d1, d2, I1(i), c, P1x, delta, P1z, P0y(i), P0z(i) );\r\n\r\n\r\n\r\n          end\r\n\r\n       //Caso a integração da corrente que gera o campo seja em dy\r\n\r\n       if( direcao1(i, 2) == 1 | direcao1(i, 2) == -1)\r\n\r\n  \r\n\r\n         hx(i) = Integrando_em_y( d1, d2, I1(i), a, P1x, delta, P1z, P0x(i), P0z(i) );\r\n\r\n         hy(i) = Integrando_em_y( d1, d2, I1(i), b, P1x, delta, P1z, P0x(i), P0z(i) );\r\n\r\n         hz(i) = Integrando_em_y( d1, d2, I1(i), c, P1x, delta, P1z, P0x(i), P0z(i) );\r\n\r\n\r\n\r\n          end\r\n\r\n       //Caso a integração da corrente que gera o campo seja em dy\r\n\r\n       if( direcao1(i, 3) == 1 | direcao1(i, 3) == -1)\r\n\r\n  \r\n\r\n         hx(i) = Integrando_em_z( d1, d2, I1(i), a, P1x, delta, P1z, P0x(i), P0y(i) );\r\n\r\n         hy(i) = Integrando_em_z( d1, d2, I1(i), b, P1x, delta, P1z, P0x(i), P0y(i) );\r\n\r\n         hz(i) = Integrando_em_z( d1, d2, I1(i), c, P1x, delta, P1z, P0x(i), P0y(i) );\r\n\r\n\r\n\r\n          end\r\n\r\n  \r\n\r\n       end\r\n\r\n\r\n\r\n  //Caso o filamento de corrente onde vai ser calculado a força tem direção az\r\n\r\n  if( direcao2(3) == 1 | direcao2(3) == -1)\r\n\r\n  \r\n\r\n      //Caso a distancia seja 0, não calcular\r\n\r\n      if( (P1x - P0x(i))==0 & (P1y - P0y(i))==0 & (delta- P0z(i))==0 )\r\n\r\n         continue;\r\n\r\n      end;\r\n\r\n  \r\n\r\n      //Realizando o produto vetorial entre a direção da corrente que gera o campo e o vetor posição, para cálculo do campo magnético\r\n\r\n      [a b c] = prod_vet3( direcao1(i, 1), direcao1(i, 2), direcao1(i, 3), P1x - P0x(i), P1y - P0y(i), delta - P0z(i));\r\n\r\n      \r\n\r\n      //Caso a integração da corrente que gera o campo seja em dx\r\n\r\n      if( direcao1(i, 1) == 1 | direcao1(i, 1) == -1)\r\n\r\n  \r\n\r\n         hx(i) = Integrando_em_x( d1, d2, I1(i), a, P1x, P1y, delta, P0y(i), P0z(i) );\r\n\r\n         hy(i) = Integrando_em_x( d1, d2, I1(i), b, P1x, P1y, delta, P0y(i), P0z(i) );\r\n\r\n         hz(i) = Integrando_em_x( d1, d2, I1(i), c, P1x, P1y, delta, P0y(i), P0z(i) );\r\n\r\n\r\n\r\n         end   \r\n\r\n       \r\n\r\n       //Caso a integração da corrente que gera o campo seja em dy\r\n\r\n       if( direcao1(i, 2) == 1 | direcao1(i, 2) == -1)\r\n\r\n  \r\n\r\n         hx(i) = Integrando_em_y( d1, d2, I1(i), a, P1x, P1y, delta, P0x(i), P0z(i) );\r\n\r\n         hy(i) = Integrando_em_y( d1, d2, I1(i), b, P1x, P1y, delta, P0x(i), P0z(i) );\r\n\r\n         hz(i) = Integrando_em_y( d1, d2, I1(i), c, P1x, P1y, delta, P0x(i), P0z(i) );\r\n\r\n\r\n\r\n         end\r\n\r\n       \r\n\r\n       //Caso a integração da corrente que gera o campo seja em dz\r\n\r\n       if( direcao1(i, 3) == 1 | direcao1(i, 3) == -1)\r\n\r\n  \r\n\r\n         hx(i) = Integrando_em_z( d1, d2, I1(i), a, P1x, P1y, delta, P0x(i), P0y(i) );\r\n\r\n         hy(i) = Integrando_em_z( d1, d2, I1(i), b, P1x, P1y, delta, P0x(i), P0y(i) );\r\n\r\n         hz(i) = Integrando_em_z( d1, d2, I1(i), c, P1x, P1y, delta, P0x(i), P0y(i) );\r\n\r\n\r\n\r\n         end\r\n\r\n  \r\n\r\n      end\r\n\r\n   \r\n\r\n   end\r\n\r\n\r\n\r\n   //Resultado do campo total naquele ponto\r\n\r\n   Campo_em_x = 0;\r\n\r\n   Campo_em_y = 0;\r\n\r\n   Campo_em_z = 0;\r\n\r\n   \r\n\r\n   //Calculando o campo total produzido naquele ponto por todos os filamentos de corrente\r\n\r\n   for i= 1:n\r\n\r\n\r\n\r\n      Campo_em_x = Campo_em_x + hx(i);\r\n\r\n      Campo_em_y = Campo_em_y + hy(i);\r\n\r\n      Campo_em_z = Campo_em_z + hz(i);\r\n\r\n   \r\n\r\n      end\r\n\r\n\r\n\r\n   //Definindo a densidade de fluxo magnético\r\n\r\n   bx = Campo_em_x * Mi;\r\n\r\n   by = Campo_em_y * Mi;\r\n\r\n   bz = Campo_em_z * Mi;\r\n\r\n\r\n\r\n   //Calculando a força\r\n\r\n   [BdL1 BdL2 BdL3] = prod_vet3(direcao2(1), direcao2(2), direcao2(3), bx, by, bz);\r\n\r\n   forcax = I2 * BdL1;\r\n\r\n   forcay = I2 * BdL2;\r\n\r\n   forcaz = I2 * BdL3;\r\n\r\n   \r\n\r\n   //Calculando o torque\r\n\r\n   //Caso filamento de corrente sobre o qual se esta calculando o torque esteja na direção ax\r\n\r\n   if(direcao2(1) == 1 | direcao2(1) == -1)\r\n\r\n   \r\n\r\n      [tx ty tz] = prod_vet3(delta - o(1), P1y - o(2), P1z - o(3), forcax, forcay, forcaz);\r\n\r\n      torque_x = torque_x - tx;\r\n\r\n      torque_y = torque_y - ty;\r\n\r\n      torque_z = torque_z - tz;\r\n\r\n      \r\n\r\n      end\r\n\r\n      \r\n\r\n   //Caso filamento de corrente sobre o qual se esta calculando o torque esteja na direção ay\r\n\r\n   if(direcao2(2) == 1 | direcao2(2) == -1)\r\n\r\n   \r\n\r\n      [tx ty tz] = prod_vet3(P1x - o(1), delta - o(2), P1z - o(3), forcax, forcay, forcaz);\r\n\r\n      torque_x = torque_x - tx;\r\n\r\n      torque_y = torque_y - ty;\r\n\r\n      torque_z = torque_z - tz;\r\n\r\n      \r\n\r\n      end\r\n\r\n      \r\n\r\n   //Caso filamento de corrente sobre o qual se esta calculando o torque esteja na direção az\r\n\r\n   if(direcao2(3) == 1 | direcao2(3) == -1)\r\n\r\n   \r\n\r\n      [tx ty tz] = prod_vet3(P1x - o(1), P1y - o(2), delta - o(3), forcax, forcay, forcaz);\r\n\r\n      torque_x = torque_x - tx;\r\n\r\n      torque_y = torque_y - ty;\r\n\r\n      torque_z = torque_z - tz;\r\n\r\n      \r\n\r\n      end\r\n\r\n\r\n\r\n   //Incrementando o ponto do filamento de corrente no qual está sendo calculado a força\r\n\r\n   delta = d_min + h*w;\r\n\r\n\r\n\r\nend\r\n\r\n\r\n\r\n//Parametrizando\r\n\r\ntorque_x = torque_x/(0.1/h);\r\n\r\ntorque_y = torque_y/(0.1/h);\r\n\r\ntorque_z = torque_z/(0.1/h);\r\n\r\n\r\n\r\n//Mostrando o resultado\r\n\r\n"Torque (Micro N * m)"\r\n\r\n[torque_x torque_y torque_z] * (10)^(-3)\r\n\r\n	B: 0	t	2007-11-21 13:30:06.333445	2007-11-21 13:30:06.333445	numerico
13	1	problema_grafico_9.15	Gerando o gráfico do item 9.15 para 0 < B < 10.	//Gerando o gráfico do item 9.15 para 0 < B < 10\r\n\r\n\r\n\r\n//Definindo o passo\r\n\r\n//h = 0.1;\r\n\r\nsleep(log10(1/h)*10000); // R0X!\r\n\r\n\r\n\r\n//Número de pontos\r\n\r\nn = 10/h + 1;\r\n\r\n\r\n\r\n//Valores de B\r\n\r\nB = 0:h:10;\r\n\r\n\r\n\r\nfunction m = f(z), m = 6 * ((10)^(-6)) * (z - 2 * atan(z/2)), endfunction;\r\n\r\n\r\n\r\n//Definindo a matriz do resultado\r\n\r\nresultado = zeros(n);\r\n\r\n\r\n\r\n//Calculando o resultado do torque para diversos valores de B\r\n\r\nfor i = 1:n\r\n\r\n   \r\n\r\n   resultado(i) = f(B(i));\r\n\r\n   \r\n\r\n   end\r\n\r\n   \r\n\r\n//Plotando o resultado   \r\n\r\nplot(B, resultado);\r\n\r\n	h: 0.1	t	2007-11-21 13:32:34.670916	2007-11-21 13:45:20.277948	grafico
14	1	problema_9.18	Programa que calcula o torque gerado por um fluxo de densidade magnética em uma espira\r\n.	//Programa que calcula o torque gerado por um fluxo de densidade magnética em uma espira\r\n\r\n\r\n\r\n//Definindo a origem\r\n\r\n//o = [1 2 3];\r\n\r\n\r\n\r\n//Definindo a densidade de fluxo magnético\r\n\r\n//bx = 0.2;\r\n\r\n//by = 0.1;\r\n\r\n//bz = -0.3;\r\n\r\n\r\n\r\n//Definindo a espira \r\n\r\nI = 0.6;  //Em A\r\n\r\nP1 = [-2 -2 0];  //Vértice superior esquerdo\r\n\r\nP2 = [2 -2 0];  //Vértice inferior esquero\r\n\r\nP3 = [2 2 0];  //Vértice inferior direito\r\n\r\nP4 = [-2 2 0];  //Vértice superior direito\r\n\r\ns = 1;  //Sentido da corrente - -1 -> horário\r\n\r\n        //                     - 1 -> anti-horário\r\n\r\n/////////////////////////////////////////////////////////////////////////////////////\r\n\r\n\r\n\r\n\r\n\r\n//Dividindo a espira em 4 segmentos de corrente\r\n\r\nI2 = zeros(4);\r\n\r\nP1x = zeros(4);\r\n\r\nP1y = zeros(4);\r\n\r\nP1z = zeros(4);\r\n\r\nd_min = zeros(4);\r\n\r\nd_max = zeros(4);\r\n\r\ndirecao2 = zeros(4, 3);\r\n\r\n\r\n\r\nI2(1) = I/10;\r\n\r\nI2(2) = I/10;\r\n\r\nI2(3) = I/10;\r\n\r\nI2(4) = I/10;\r\n\r\n\r\n\r\n//Linha 1\r\n\r\nP1x(1) = P1(1);\r\n\r\nP1y(1) = P1(2);\r\n\r\nP1z(1) = P1(3);\r\n\r\n\r\n\r\nv_teste = P1 - P2;\r\n\r\nif(v_teste(1) > 0)\r\n\r\n   d_min(1) = P2(1);\r\n\r\n   d_max(1) = P1(1);\r\n\r\n   end\r\n\r\n   \r\n\r\nif(v_teste(1) < 0)\r\n\r\n   d_min(1) = P1(1);\r\n\r\n   d_max(1) = P2(1);\r\n\r\n   end\r\n\r\n   \r\n\r\nif(v_teste(2) > 0)\r\n\r\n   d_min(1) = P2(2);\r\n\r\n   d_max(1) = P1(2);\r\n\r\n   end\r\n\r\n   \r\n\r\nif(v_teste(2) < 0)\r\n\r\n   d_min(1) = P1(2);\r\n\r\n   d_max(1) = P2(2);\r\n\r\n   end\r\n\r\n   \r\n\r\nif(v_teste(3) > 0)\r\n\r\n   d_min(1) = P2(3);\r\n\r\n   d_max(1) = P1(3);\r\n\r\n   end\r\n\r\n   \r\n\r\nif(v_teste(3) < 0)\r\n\r\n   d_min(1) = P1(3);\r\n\r\n   d_max(1) = P2(3);\r\n\r\n   end\r\n\r\n   \r\n\r\ndirecao2(1, 1) = s * (-v_teste(1)/ (v_teste(1)^2 + v_teste(2)^2 + v_teste(3)^2)^0.5);\r\n\r\ndirecao2(1, 2) = s * (-v_teste(2)/ (v_teste(1)^2 + v_teste(2)^2 + v_teste(3)^2)^0.5);\r\n\r\ndirecao2(1, 3) = s * (-v_teste(3)/ (v_teste(1)^2 + v_teste(2)^2 + v_teste(3)^2)^0.5);\r\n\r\n\r\n\r\n//Linha 2\r\n\r\nP1x(2) = P2(1);\r\n\r\nP1y(2) = P2(2);\r\n\r\nP1z(2) = P2(3);\r\n\r\n\r\n\r\nv_teste = P2 - P3;\r\n\r\nif(v_teste(1) > 0)\r\n\r\n   d_min(2) = P3(1);\r\n\r\n   d_max(2) = P2(1);\r\n\r\n   end\r\n\r\n   \r\n\r\nif(v_teste(1) < 0)\r\n\r\n   d_min(2) = P2(1);\r\n\r\n   d_max(2) = P3(1);\r\n\r\n   end\r\n\r\n   \r\n\r\nif(v_teste(2) > 0)\r\n\r\n   d_min(2) = P3(2);\r\n\r\n   d_max(2) = P2(2);\r\n\r\n   end\r\n\r\n   \r\n\r\nif(v_teste(2) < 0)\r\n\r\n   d_min(2) = P2(2);\r\n\r\n   d_max(2) = P3(2);\r\n\r\n   end\r\n\r\n   \r\n\r\nif(v_teste(3) > 0)\r\n\r\n   d_min(2) = P3(3);\r\n\r\n   d_max(2) = P2(3);\r\n\r\n   end\r\n\r\n   \r\n\r\nif(v_teste(3) < 0)\r\n\r\n   d_min(2) = P2(3);\r\n\r\n   d_max(2) = P3(3);\r\n\r\n   end\r\n\r\n   \r\n\r\ndirecao2(2, 1) = s * (-v_teste(1)/ (v_teste(1)^2 + v_teste(2)^2 + v_teste(3)^2)^0.5);\r\n\r\ndirecao2(2, 2) = s * (-v_teste(2)/ (v_teste(1)^2 + v_teste(2)^2 + v_teste(3)^2)^0.5);\r\n\r\ndirecao2(2, 3) = s * (-v_teste(3)/ (v_teste(1)^2 + v_teste(2)^2 + v_teste(3)^2)^0.5);\r\n\r\n\r\n\r\n//Linha 3\r\n\r\nP1x(3) = P3(1);\r\n\r\nP1y(3) = P3(2);\r\n\r\nP1z(3) = P3(3);\r\n\r\n\r\n\r\nd_min(3) = d_min(1);\r\n\r\nd_max(3) = d_max(1);\r\n\r\n\r\n\r\ndirecao2(3,1) = -direcao2(1,1);\r\n\r\ndirecao2(3,2) = -direcao2(1,2);\r\n\r\ndirecao2(3,3) = -direcao2(1,3);\r\n\r\n\r\n\r\n//Linha 4\r\n\r\nP1x(4) = P4(1);\r\n\r\nP1y(4) = P4(2);\r\n\r\nP1z(4) = P4(3);\r\n\r\n\r\n\r\nd_min(4) = d_min(2);\r\n\r\nd_max(4) = d_max(2);\r\n\r\n\r\n\r\ndirecao2(4,1) = -direcao2(2,1);\r\n\r\ndirecao2(4,2) = -direcao2(2,2);\r\n\r\ndirecao2(4,3) = -direcao2(2,3);\r\n\r\n\r\n\r\n//////////////////////////////////////////////////////////////////////////////////////////////\r\n\r\n\r\n\r\n//Resultado\r\n\r\nTx = 0;\r\n\r\nTy = 0;\r\n\r\nTz = 0;\r\n\r\n\r\n\r\n//Calculando o resultado\r\n\r\nfor i = 1:4\r\n\r\n\r\n\r\n   [tx ty tz] = torque_densidade_de_fluxo(I2(i), P1x(i), P1y(i), P1z(i), d_min(i), d_max(i), direcao2(i, 1), direcao2(i, 2), direcao2(i, 3), bx, by, bz, o(1), o(2), o(3) );\r\n\r\n   Tx = Tx + tx;\r\n\r\n   Ty = Ty + ty;\r\n\r\n   Tz = Tz + tz;\r\n\r\n   \r\n\r\n   end\r\n\r\n\r\n\r\n//Mostrando o resultado\r\n\r\n"Torque"\r\n\r\n[Tx Ty Tz]\r\n	o: [1, 2, 3]\r\nbx: 0.2\r\nby: 0.1\r\nbz: -0.3	t	2007-11-21 13:53:36.300654	2007-11-21 13:53:36.300654	numerico
15	1	tematica_08_q03	Programa que calcula a força magnética produzida por n filametos de corrente infinitos em uma espira.	//Programa que calcula a força magnética produzida por n filametos de corrente infinitos em uma espira\r\n\r\n\r\n\r\n//Variáveis de entrada\r\n\r\n//p0 = 1;\r\n\r\n//A = 2;\r\n\r\n//B = 0.5;\r\n\r\n\r\n\r\n//Número de correntes infinitas\r\n\r\nn = 1;\r\n\r\n\r\n\r\n//Definindo as matrizes para caracterizar as correntes que produzirão a força\r\n\r\nI1 = zeros(n);  //Vetor com o valor da intensidade das correntes\r\n\r\nP0x = zeros(n);  //Vetor com n pontos na coordenada x onde uma determinada corrente passa\r\n\r\nP0y = zeros(n);  //Vetor com n pontos na coordenada y onde uma determinada corrente passa\r\n\r\nP0z = zeros(n);  //Vetor com n pontos na coordenada z onde uma determinada corrente passa\r\n\r\ndirecao1 = zeros(n, 3);  //Vetor com a direção das correntes\r\n\r\n                         //direcao1(n, 1) - direção ax\r\n\r\n                         //direcao1(n, 2) - direção ay\r\n\r\n                         //direcao1(n, 3) - direção az\r\n\r\n                         \r\n\r\n/////////////////////////////////////////////////////////////////////////////////////\r\n\r\n//Definindo os filamentos de corrente infinitos\r\n\r\nI1(1) = 10;\r\n\r\nP0x(1) = 0;\r\n\r\nP0y(1) = 0;\r\n\r\nP0z(1) = 0;\r\n\r\ndirecao1(1, 1) = 0;\r\n\r\ndirecao1(1, 2) = 0;\r\n\r\ndirecao1(1, 3) = 1;\r\n\r\n\r\n\r\n//Definindo a espira \r\n\r\nI = 5;\r\n\r\nP1 = [0 p0 B];  //Vértices superior esquerdo\r\n\r\nP2 = [0 p0 0];  //Vértica inferior esquero\r\n\r\nP3 = [0 p0+A 0];  //Vértice inferior direito\r\n\r\nP4 = [0 p0+A B];  //Vértice superior direito\r\n\r\ns = -1;  //Sentido da corrente - -1 -> horário\r\n\r\n        //                     - 1 -> anti-horário\r\n\r\n/////////////////////////////////////////////////////////////////////////////////////\r\n\r\n\r\n\r\n\r\n\r\n//Dividindo a espira em 4 segmentos de corrente\r\n\r\nI2 = zeros(4);\r\n\r\nP1x = zeros(4);\r\n\r\nP1y = zeros(4);\r\n\r\nP1z = zeros(4);\r\n\r\nd_min = zeros(4);\r\n\r\nd_max = zeros(4);\r\n\r\ndirecao2 = zeros(4, 3);\r\n\r\n\r\n\r\nI2(1) = I;\r\n\r\nI2(2) = I;\r\n\r\nI2(3) = I;\r\n\r\nI2(4) = I;\r\n\r\n\r\n\r\n//Linha 1\r\n\r\nP1x(1) = P1(1);\r\n\r\nP1y(1) = P1(2);\r\n\r\nP1z(1) = P1(3);\r\n\r\n\r\n\r\nv_teste = P1 - P2;\r\n\r\nif(v_teste(1) > 0)\r\n\r\n   d_min(1) = P2(1);\r\n\r\n   d_max(1) = P1(1);\r\n\r\n   end\r\n\r\n   \r\n\r\nif(v_teste(1) < 0)\r\n\r\n   d_min(1) = P1(1);\r\n\r\n   d_max(1) = P2(1);\r\n\r\n   end\r\n\r\n   \r\n\r\nif(v_teste(2) > 0)\r\n\r\n   d_min(1) = P2(2);\r\n\r\n   d_max(1) = P1(2);\r\n\r\n   end\r\n\r\n   \r\n\r\nif(v_teste(2) < 0)\r\n\r\n   d_min(1) = P1(2);\r\n\r\n   d_max(1) = P2(2);\r\n\r\n   end\r\n\r\n   \r\n\r\nif(v_teste(3) > 0)\r\n\r\n   d_min(1) = P2(3);\r\n\r\n   d_max(1) = P1(3);\r\n\r\n   end\r\n\r\n   \r\n\r\nif(v_teste(3) < 0)\r\n\r\n   d_min(1) = P1(3);\r\n\r\n   d_max(1) = P2(3);\r\n\r\n   end\r\n\r\n   \r\n\r\ndirecao2(1, 1) = s * (-v_teste(1)/ (v_teste(1)^2 + v_teste(2)^2 + v_teste(3)^2)^0.5);\r\n\r\ndirecao2(1, 2) = s * (-v_teste(2)/ (v_teste(1)^2 + v_teste(2)^2 + v_teste(3)^2)^0.5);\r\n\r\ndirecao2(1, 3) = s * (-v_teste(3)/ (v_teste(1)^2 + v_teste(2)^2 + v_teste(3)^2)^0.5);\r\n\r\n\r\n\r\n//Linha 2\r\n\r\nP1x(2) = P2(1);\r\n\r\nP1y(2) = P2(2);\r\n\r\nP1z(2) = P2(3);\r\n\r\n\r\n\r\nv_teste = P2 - P3;\r\n\r\nif(v_teste(1) > 0)\r\n\r\n   d_min(2) = P3(1);\r\n\r\n   d_max(2) = P2(1);\r\n\r\n   end\r\n\r\n   \r\n\r\nif(v_teste(1) < 0)\r\n\r\n   d_min(2) = P2(1);\r\n\r\n   d_max(2) = P3(1);\r\n\r\n   end\r\n\r\n   \r\n\r\nif(v_teste(2) > 0)\r\n\r\n   d_min(2) = P3(2);\r\n\r\n   d_max(2) = P2(2);\r\n\r\n   end\r\n\r\n   \r\n\r\nif(v_teste(2) < 0)\r\n\r\n   d_min(2) = P2(2);\r\n\r\n   d_max(2) = P3(2);\r\n\r\n   end\r\n\r\n   \r\n\r\nif(v_teste(3) > 0)\r\n\r\n   d_min(2) = P3(3);\r\n\r\n   d_max(2) = P2(3);\r\n\r\n   end\r\n\r\n   \r\n\r\nif(v_teste(3) < 0)\r\n\r\n   d_min(2) = P2(3);\r\n\r\n   d_max(2) = P3(3);\r\n\r\n   end\r\n\r\n   \r\n\r\ndirecao2(2, 1) = s * (-v_teste(1)/ (v_teste(1)^2 + v_teste(2)^2 + v_teste(3)^2)^0.5);\r\n\r\ndirecao2(2, 2) = s * (-v_teste(2)/ (v_teste(1)^2 + v_teste(2)^2 + v_teste(3)^2)^0.5);\r\n\r\ndirecao2(2, 3) = s * (-v_teste(3)/ (v_teste(1)^2 + v_teste(2)^2 + v_teste(3)^2)^0.5);\r\n\r\n\r\n\r\n//Linha 3\r\n\r\nP1x(3) = P3(1);\r\n\r\nP1y(3) = P3(2);\r\n\r\nP1z(3) = P3(3);\r\n\r\n\r\n\r\nd_min(3) = d_min(1);\r\n\r\nd_max(3) = d_max(1);\r\n\r\n\r\n\r\ndirecao2(3,1) = -direcao2(1,1);\r\n\r\ndirecao2(3,2) = -direcao2(1,2);\r\n\r\ndirecao2(3,3) = -direcao2(1,3);\r\n\r\n\r\n\r\n//Linha 4\r\n\r\nP1x(4) = P4(1);\r\n\r\nP1y(4) = P4(2);\r\n\r\nP1z(4) = P4(3);\r\n\r\n\r\n\r\nd_min(4) = d_min(2);\r\n\r\nd_max(4) = d_max(2);\r\n\r\n\r\n\r\ndirecao2(4,1) = -direcao2(2,1);\r\n\r\ndirecao2(4,2) = -direcao2(2,2);\r\n\r\ndirecao2(4,3) = -direcao2(2,3);\r\n\r\n\r\n\r\n//Resultado\r\n\r\nFx = 0;\r\n\r\nFy = 0;\r\n\r\nFz = 0;\r\n\r\n\r\n\r\n//Calculando o resultado\r\n\r\nfor j = 1:n\r\n\r\n   for i = 1:4\r\n\r\n\r\n\r\n      [fx fy fz] = forca_magnetica(I2(i), P1x(i), P1y(i), P1z(i), d_min(i), d_max(i), direcao2(i, 1), direcao2(i, 2), direcao2(i, 3), I1(j), P0x(j), P0y(j), P0z(j), direcao1(j,1), direcao1(j,2), direcao1(j, 3) );\r\n\r\n      Fx = Fx + fx;\r\n\r\n      Fy = Fy + fy;\r\n\r\n      Fz = Fz + fz;\r\n\r\n   \r\n\r\n      end\r\n\r\n   end\r\n\r\n\r\n\r\n//Corrigindo erros de aproximação\r\n\r\nif( (Fx > 0 & Fx < 0.006) | (Fx < 0 & Fx > -0.006) )\r\n\r\n   Fx = 0;\r\n\r\n   end\r\n\r\n   \r\n\r\nif(( Fy > 0 & Fy < 0.006) | (Fy < 0 & Fy > -0.006))\r\n\r\n   Fy = 0;\r\n\r\n   end\r\n\r\n   \r\n\r\nif( (Fz > 0 & Fz < 0.006) | (Fz < 0 & Fz > -0.006))\r\n\r\n   Fz = 0;\r\n\r\n   end\r\n\r\n\r\n\r\n//Mostrando o resultado\r\n\r\n"Força (Micro N * m)"\r\n\r\n[Fx Fy Fz] * (10)^(-3)\r\n\r\n	p0: 1\r\nA: 2\r\nB: 0.5	t	2007-11-21 13:56:16.594203	2007-11-21 13:56:16.594203	numerico
16	1	indutancia_dois_planos	Cálculo da energia e indutância por unidade de comprimento de dois planos condutores em z=0 e z=d, conduzindo correntes superficiais de +-Kax em uma largura w(0<y<w).	// Cálculo da energia e indutância por unidade de comprimento de dois planos condutores em z=0 e z=d, conduzindo correntes superficiais de +-Kax em uma largura w(0<y<w)\r\n\r\n\r\n\r\n// largura w\r\n\r\n//w = 0.2;\r\n\r\n\r\n\r\n// distância d\r\n\r\n//d = 0.5;\r\n\r\n\r\n\r\n// corrente K\r\n\r\n//K = 10;\r\n\r\n\r\n\r\n// permeabilidade do ar\r\n\r\nmi0 = 4*%pi*10^(-7);\r\n\r\n\r\n\r\n// Convertendo para micro\r\n\r\nmi0 = mi0 * 10^6;\r\n\r\n\r\n\r\nenergia = 0.5*w*d*mi0*K^2;\r\n\r\nindutancia = 2*energia/(w^2*K^2);\r\n\r\nh=0.1;\r\nn=10/h+1\r\nd=0;\r\nfor i=1:n\r\n  energia = 0.5*w*d*mi0*K^2;\r\n  resultado(i) = 2*energia/(w^2*K^2);\r\n  d = d + h;\r\nend\r\nx=0:.1:10;\r\nplot(x,resultado);\r\n\r\n\r\nenergia\r\n\r\nindutancia\r\n\r\n	w: 0.2\r\nd: 0.5\r\nK: 10	t	2007-11-21 14:17:16.139307	2007-11-21 14:46:10.114035	grafico
\.


--
-- Data for Name: schema_info; Type: TABLE DATA; Schema: public; Owner: sciweb
--

COPY schema_info (version) FROM stdin;
6
\.


--
-- Data for Name: users; Type: TABLE DATA; Schema: public; Owner: sciweb
--

COPY users (id, username, hashed_password, salt, nomecompleto, created_at, updated_at) FROM stdin;
1	lius	d616bf018a3961a02661d9ca15a5d98d853c2cf1	-6114763380.456212407235117	Líus Fontenelle Carneiro	2007-11-21 05:57:58.598669	2007-11-21 05:57:58.598669
\.


--
-- PostgreSQL database dump complete
--

